<?xml version="1.0" standalone="yes"?>
<Products>
  <Product>
    <ProductId>1</ProductId>
    <ProductName>PDSA Productivity Framework</ProductName>
    <IntroductionDate>2013-01-01T00:00:00-08:00</IntroductionDate>
    <Cost>22.0000</Cost>
    <Price>6655.0000</Price>
    <IsDiscontinued>false</IsDiscontinued>
  </Product>
  <Product>
    <ProductId>2</ProductId>
    <ProductName>Architecting ASP.NET eBook</ProductName>
    <IntroductionDate>2009-04-05T00:00:00-07:00</IntroductionDate>
    <Cost>2.0000</Cost>
    <Price>15.9720</Price>
    <IsDiscontinued>true</IsDiscontinued>
  </Product>
  <Product>
    <ProductId>3</ProductId>
    <ProductName>Introduction to N-Tier Book</ProductName>
    <IntroductionDate>2006-06-04T00:00:00-07:00</IntroductionDate>
    <Cost>10.0000</Cost>
    <Price>39.9300</Price>
    <IsDiscontinued>false</IsDiscontinued>
  </Product>
  <Product>
    <ProductId>4</ProductId>
    <ProductName>Security for ASP.NET Developers eBook</ProductName>
    <IntroductionDate>2002-08-25T00:00:00-07:00</IntroductionDate>
    <Cost>10.0000</Cost>
    <Price>26.5535</Price>
    <IsDiscontinued>false</IsDiscontinued>
  </Product>
  <Product>
    <ProductId>5</ProductId>
    <ProductName>PDSA IT Manager's Toolkit</ProductName>
    <IntroductionDate>2002-03-03T00:00:00-08:00</IntroductionDate>
    <Cost>2000.0000</Cost>
    <Price>5324.0000</Price>
    <IsDiscontinued>true</IsDiscontinued>
  </Product>
  <Product>
    <ProductId>6</ProductId>
    <ProductName>VB.NET Fundamentals eBook</ProductName>
    <IntroductionDate>2004-05-27T00:00:00-07:00</IntroductionDate>
    <Cost>2.0000</Cost>
    <Price>26.5535</Price>
    <IsDiscontinued>false</IsDiscontinued>
  </Product>
  <Product>
    <ProductId>7</ProductId>
    <ProductName>Introduction to SQL Server 2000</ProductName>
    <IntroductionDate>2005-01-11T00:00:00-08:00</IntroductionDate>
    <Cost>2.0000</Cost>
    <Price>26.5535</Price>
    <IsDiscontinued>true</IsDiscontinued>
  </Product>
  <Product>
    <ProductId>8</ProductId>
    <ProductName>Using SharePoint 2003</ProductName>
    <IntroductionDate>2005-05-02T00:00:00-07:00</IntroductionDate>
    <Cost>2.0000</Cost>
    <Price>19.8985</Price>
    <IsDiscontinued>true</IsDiscontinued>
  </Product>
  <Product>
    <ProductId>9</ProductId>
    <ProductName>Developing SharePoint Web Parts</ProductName>
    <IntroductionDate>2005-06-03T00:00:00-07:00</IntroductionDate>
    <Cost>2.0000</Cost>
    <Price>26.5535</Price>
    <IsDiscontinued>true</IsDiscontinued>
  </Product>
  <Product>
    <ProductId>10</ProductId>
    <ProductName>PDSA Web Authoring System</ProductName>
    <IntroductionDate>2003-04-12T00:00:00-07:00</IntroductionDate>
    <Cost>2500.0000</Cost>
    <Price>6655.0000</Price>
    <IsDiscontinued>false</IsDiscontinued>
  </Product>
  <Product>
    <ProductId>46</ProductId>
    <ProductName>Gretsch Catalina Drums</ProductName>
    <IntroductionDate>2009-01-01T00:00:00-08:00</IntroductionDate>
    <Cost>310.0000</Cost>
    <Price>798.6000</Price>
    <IsDiscontinued>true</IsDiscontinued>
  </Product>
</Products>