<?xml version="1.0" standalone="yes"?>
<Users>
  <User>
    <UserID>1</UserID>
    <Company>Arrabeta</Company>
    <FirstName>Abdelmalek</FirstName>
    <LastName>Kemmou</LastName>
    <Title>CEO</Title>
    <Address>12 Bd Brahim Roudani</Address>
    <City>Casablanca</City>
    <StateCode>n/a</StateCode>
    <PostalCode>n/a</PostalCode>
    <CountryCode>MA</CountryCode>
    <Phone>+212 61 064070</Phone>
    <Fax>+212 22 48 39 02</Fax>
    <Email>kemmou@kemmou.com</Email>
    <Sales>20.0000</Sales>
  </User>
  <User>
    <UserID>2</UserID>
    <Company>Superior Software for Windows Pty Limited</Company>
    <FirstName>Adam</FirstName>
    <LastName>Cogan</LastName>
    <Title>Chief Architect</Title>
    <Address>Gateway Court, Suite 10</Address>
    <City>NEUTRAL BAY</City>
    <StateCode>SYDNEY NSW</StateCode>
    <PostalCode>2089</PostalCode>
    <CountryCode>AU</CountryCode>
    <Phone>+61 2 9953 3000</Phone>
    <Fax>+61 2 9953 3105</Fax>
    <Email>AdamCogan@ssw.com.au</Email>
    <Sales>309.0000</Sales>
  </User>
  <User>
    <UserID>3</UserID>
    <Company>BEWISE</Company>
    <FirstName>Yann</FirstName>
    <LastName>Faure</LastName>
    <Title>CEO</Title>
    <Address>1, Avenue de l'Europe</Address>
    <City>TOULOUSE</City>
    <StateCode>n/a</StateCode>
    <PostalCode>31400</PostalCode>
    <CountryCode>FR</CountryCode>
    <Phone>33 5 61 75 13 13</Phone>
    <Fax>33 5 61 75 47 97</Fax>
    <Email>yann.faure@bewise.fr</Email>
    <Sales>30303.0000</Sales>
  </User>
  <User>
    <UserID>4</UserID>
    <Company>FCS Partners</Company>
    <FirstName>Ahti</FirstName>
    <LastName>Haukilehto</LastName>
    <Title>consultant</Title>
    <Address>Alatalontie 98</Address>
    <City>04500 Kellokoski</City>
    <StateCode>n/a</StateCode>
    <PostalCode>n/a</PostalCode>
    <CountryCode>FI</CountryCode>
    <Phone>358 40 500 9788</Phone>
    <Fax />
    <Email>Ahti.Haukilehto@fcspartners.fi</Email>
    <Sales>333.0000</Sales>
  </User>
  <User>
    <UserID>5</UserID>
    <Company>TANDBERG ASA</Company>
    <FirstName>Andreas</FirstName>
    <LastName>Eide</LastName>
    <Title>Software Architect</Title>
    <Address>Philip Pedersens vei 22</Address>
    <City>Lysaker</City>
    <StateCode>n/a</StateCode>
    <PostalCode>N-1366</PostalCode>
    <CountryCode>NO</CountryCode>
    <Phone>+47 98228177</Phone>
    <Fax>+47 67125234</Fax>
    <Email>andreas.eide@tandberg.net</Email>
    <Sales>342354.0000</Sales>
  </User>
  <User>
    <UserID>6</UserID>
    <Company>Alcuadrado S.A.</Company>
    <FirstName>Andres</FirstName>
    <LastName>Fontan</LastName>
    <Title>R&amp;D Director</Title>
    <Address>Calle 8 43B-90</Address>
    <City>Medellin</City>
    <StateCode>Antioquia</StateCode>
    <PostalCode>n/a</PostalCode>
    <CountryCode>CO</CountryCode>
    <Phone>574 311 0447</Phone>
    <Fax>574 311 8985</Fax>
    <Email>andres.fontan@alcuadrado.com</Email>
    <Sales>3456.0000</Sales>
  </User>
  <User>
    <UserID>7</UserID>
    <Company>Vishwak Solutions Pvt. Ltd.</Company>
    <FirstName>Venkatarangan</FirstName>
    <LastName>TNC</LastName>
    <Title>Chairman &amp; Managing Director</Title>
    <Address>New No.169 Habibullah Road</Address>
    <City>Chennai</City>
    <StateCode>Tamilnadu</StateCode>
    <PostalCode>600 017</PostalCode>
    <CountryCode>IN</CountryCode>
    <Phone>+91 44 52222345</Phone>
    <Fax>+91 44 52047711</Fax>
    <Email>venkat@vishwak.com</Email>
    <Sales>23466.0000</Sales>
  </User>
  <User>
    <UserID>8</UserID>
    <Company>Objectware AS</Company>
    <FirstName>Trond</FirstName>
    <LastName>Brande</LastName>
    <Title>CTO</Title>
    <Address>Sognsveien 75</Address>
    <City>Oslo</City>
    <StateCode>n/a</StateCode>
    <PostalCode>N-0806</PostalCode>
    <CountryCode>NO</CountryCode>
    <Phone>+47 901 10 685</Phone>
    <Fax />
    <Email>trond.brande@objectware.no</Email>
    <Sales>2354.0000</Sales>
  </User>
  <User>
    <UserID>9</UserID>
    <Company>Company: da Vinci – innovación tecnológica</Company>
    <FirstName>Antonio Mario</FirstName>
    <LastName>Castaño</LastName>
    <Title />
    <Address>Avda. Cabildo 202 – 4° - 19</Address>
    <City>Buenos Aires</City>
    <StateCode>n/a</StateCode>
    <PostalCode>1426</PostalCode>
    <CountryCode>AR</CountryCode>
    <Phone>+54(11)4772-1289</Phone>
    <Fax>+54(11)4772-1289</Fax>
    <Email>antonioc@da-vinci.com.ar</Email>
    <Sales>2435.0000</Sales>
  </User>
  <User>
    <UserID>10</UserID>
    <Company>Access-IT</Company>
    <FirstName>Arnaud</FirstName>
    <LastName>Torris</LastName>
    <Title />
    <Address>53 Rue Albert Samain</Address>
    <City>Villeneuve D'Ascq</City>
    <StateCode>n/a</StateCode>
    <PostalCode>59650</PostalCode>
    <CountryCode>FR</CountryCode>
    <Phone>33 3 20 61 95 00</Phone>
    <Fax />
    <Email>atorris@access-it.fr</Email>
    <Sales>34453.0000</Sales>
  </User>
  <User>
    <UserID>11</UserID>
    <Company>AGILCOM</Company>
    <FirstName>Bernard</FirstName>
    <LastName>Fedotoff</LastName>
    <Title>CEO</Title>
    <Address>10 Route de Nanfray</Address>
    <City>CRAN GEVRIER ANNECY</City>
    <StateCode>HAUTE SAVOIE</StateCode>
    <PostalCode>74960</PostalCode>
    <CountryCode>FR</CountryCode>
    <Phone>+33 (0)4 50 52 03 65</Phone>
    <Fax>+33 (0)4 50 69 22 27</Fax>
    <Email>bfedotoff@hotmail.com</Email>
    <Sales>34632.0000</Sales>
  </User>
  <User>
    <UserID>12</UserID>
    <Company>Software &amp; Consulting</Company>
    <FirstName>Bernd</FirstName>
    <LastName>Marquardt</LastName>
    <Title />
    <Address>Rumpenweg 22</Address>
    <City>Dormagen</City>
    <StateCode>NRW</StateCode>
    <PostalCode>41542</PostalCode>
    <CountryCode>DE</CountryCode>
    <Phone>49 2133 299859</Phone>
    <Fax>49 2133 299861</Fax>
    <Email>berndm@go-sky.de</Email>
    <Sales>235.0000</Sales>
  </User>
  <User>
    <UserID>13</UserID>
    <Company>Elysian Consulting</Company>
    <FirstName>Billy</FirstName>
    <LastName>Hollis</LastName>
    <Title />
    <Address>750 Elysian Fields Road</Address>
    <City>Nashville</City>
    <StateCode>TN</StateCode>
    <PostalCode>37204</PostalCode>
    <CountryCode>US</CountryCode>
    <Phone>615-333-6555</Phone>
    <Fax />
    <Email>rdqueries@dotnetmasters.com</Email>
    <Sales>2345.0000</Sales>
  </User>
  <User>
    <UserID>14</UserID>
    <Company>eAdvantage, Inc.</Company>
    <FirstName>Tim</FirstName>
    <LastName>Landgrave</LastName>
    <Title>President</Title>
    <Address>14610 Golden Leaf Place</Address>
    <City>Louisville</City>
    <StateCode>KY</StateCode>
    <PostalCode>40245</PostalCode>
    <CountryCode>US</CountryCode>
    <Phone>(502) 299-2878</Phone>
    <Fax>(502) 244-8472</Fax>
    <Email>TimL@eadvantage.net</Email>
    <Sales>2346.0000</Sales>
  </User>
  <User>
    <UserID>15</UserID>
    <Company>Velu Software, S.A.</Company>
    <FirstName>Carlos R.</FirstName>
    <LastName>Guevara L.</LastName>
    <Title>General Manager</Title>
    <Address>Calle 50 y 54 Este, Edificio Clinica Arango Orillac</Address>
    <City>Panamá</City>
    <StateCode>n/a</StateCode>
    <PostalCode>n/a</PostalCode>
    <CountryCode>PA</CountryCode>
    <Phone>507 263-1096</Phone>
    <Fax>507 263-0962</Fax>
    <Email>guevara@evolusoft.com</Email>
    <Sales>346.0000</Sales>
  </User>
  <User>
    <UserID>16</UserID>
    <Company>Mentis Solutions, LLC</Company>
    <FirstName>Terry</FirstName>
    <LastName>Weiss</LastName>
    <Title>Chief Technical Officer</Title>
    <Address>Three Westlakes</Address>
    <City>Berwyn</City>
    <StateCode>PA</StateCode>
    <PostalCode>19312</PostalCode>
    <CountryCode>US</CountryCode>
    <Phone>610-695-2100</Phone>
    <Fax />
    <Email>terryw@mentissolutions.com</Email>
    <Sales>2346.0000</Sales>
  </User>
  <User>
    <UserID>17</UserID>
    <Company>InterKnowlogy</Company>
    <FirstName>Tim</FirstName>
    <LastName>Huckaby</LastName>
    <Title>CEO</Title>
    <Address>1525 Faraday Avenue</Address>
    <City>Carlsbad</City>
    <StateCode>CA</StateCode>
    <PostalCode>92008</PostalCode>
    <CountryCode>US</CountryCode>
    <Phone>760-930-0075 Ext. 201</Phone>
    <Fax>760-930-0290</Fax>
    <Email>TimHuck@InterKnowlogy.com</Email>
    <Sales>2346.0000</Sales>
  </User>
  <User>
    <UserID>18</UserID>
    <Company>Thinktecture</Company>
    <FirstName>Christian</FirstName>
    <LastName>Nagel</LastName>
    <Title />
    <Address>Eichkogelstrasse 46</Address>
    <City>Guntramsdorf</City>
    <StateCode>AUSTRIA</StateCode>
    <PostalCode>2353</PostalCode>
    <CountryCode>AT</CountryCode>
    <Phone>+43 664 34 68 562</Phone>
    <Fax>+43 2236 864 729</Fax>
    <Email>rd@christiannagel.com</Email>
    <Sales>23464326.0000</Sales>
  </User>
  <User>
    <UserID>19</UserID>
    <Company>newtelligence AG</Company>
    <FirstName>Clemens </FirstName>
    <LastName>Vasters</LastName>
    <Title>Technischer Vorstand / CTO</Title>
    <Address>Gilleshütte 99</Address>
    <City>Korschenbroich</City>
    <StateCode>n/a</StateCode>
    <PostalCode>41352</PostalCode>
    <CountryCode>DE</CountryCode>
    <Phone>49-2161-40260-0</Phone>
    <Fax>49-2161-40260-29</Fax>
    <Email>clemensv@newtelligence.com</Email>
    <Sales>32456.0000</Sales>
  </User>
  <User>
    <UserID>20</UserID>
    <Company>Avanade Canada</Company>
    <FirstName>Sylvain</FirstName>
    <LastName>Duford</LastName>
    <Title>Enterprise Integration Practice LEad</Title>
    <Address>160 Elgin Street, Suite 2100</Address>
    <City>Ottawa</City>
    <StateCode>ON</StateCode>
    <PostalCode>K2P 2C4</PostalCode>
    <CountryCode>CA</CountryCode>
    <Phone>(613) 240-5445</Phone>
    <Fax>(613) 750-5100</Fax>
    <Email>sylvaind@avanade.com</Email>
    <Sales>23623.0000</Sales>
  </User>
  <User>
    <UserID>21</UserID>
    <Company>Connected Innovation</Company>
    <FirstName>Steve</FirstName>
    <LastName>Milroy</LastName>
    <Title>Solutions Director</Title>
    <Address>7825 E. Kettle Ave</Address>
    <City>Centennial</City>
    <StateCode>CO</StateCode>
    <PostalCode>80112</PostalCode>
    <CountryCode>US</CountryCode>
    <Phone>720.280.7628</Phone>
    <Fax />
    <Email>sam@milroy.com</Email>
    <Sales>462.0000</Sales>
  </User>
  <User>
    <UserID>22</UserID>
    <Company>Corzen, Inc</Company>
    <FirstName>Stephen</FirstName>
    <LastName>Forte</LastName>
    <Title>CTO and co-Founder</Title>
    <Address>5 Union Square West</Address>
    <City>New York</City>
    <StateCode>NY</StateCode>
    <PostalCode>10003 </PostalCode>
    <CountryCode>US</CountryCode>
    <Phone>917-929-8729</Phone>
    <Fax />
    <Email>stevef@orcsweb.com</Email>
    <Sales>346.0000</Sales>
  </User>
  <User>
    <UserID>23</UserID>
    <Company>Sundblad &amp; Sundblad ADB-Arkitektur AB</Company>
    <FirstName>Sten</FirstName>
    <LastName>Sundblad</LastName>
    <Title />
    <Address>Kungsgatan 113</Address>
    <City>Uppsala</City>
    <StateCode>n/a</StateCode>
    <PostalCode>SE-751 06</PostalCode>
    <CountryCode>SE</CountryCode>
    <Phone>46 18 695100</Phone>
    <Fax>46 18 695159</Fax>
    <Email>stens@2xSundblad.com</Email>
    <Sales>3246.0000</Sales>
  </User>
  <User>
    <UserID>24</UserID>
    <Company>NETRON INFO. &amp; COMM. TECH. INC.</Company>
    <FirstName>Selcuk</FirstName>
    <LastName>Uzun</LastName>
    <Title>Senior Consultant</Title>
    <Address>TOPHANELIGOLU CAD. NO:9 ALTUNIZADE PLAZA</Address>
    <City>USKUDAR</City>
    <StateCode>ISTANBUL</StateCode>
    <PostalCode>81190</PostalCode>
    <CountryCode>TR</CountryCode>
    <Phone>90 216 327 98 88</Phone>
    <Fax>90 216 327 98 90</Fax>
    <Email>selcuk.uzun@netron.com.tr</Email>
    <Sales>3246.0000</Sales>
  </User>
  <User>
    <UserID>25</UserID>
    <Company>Keane, Inc.</Company>
    <FirstName>Scott</FirstName>
    <LastName>Golightly</LastName>
    <Title>Senior Principal Consultant</Title>
    <Address>406 West 10600 South</Address>
    <City>South Jordan</City>
    <StateCode>UT</StateCode>
    <PostalCode>84095</PostalCode>
    <CountryCode>US</CountryCode>
    <Phone>801-576-8800</Phone>
    <Fax>801-576-8815</Fax>
    <Email>scott_J_golightly@keane.com</Email>
    <Sales>32462.0000</Sales>
  </User>
  <User>
    <UserID>26</UserID>
    <Company>Vertigo Software, Inc.</Company>
    <FirstName>Scott </FirstName>
    <LastName>Stanfield</LastName>
    <Title />
    <Address>51 Washington Ave.</Address>
    <City>Pt. Richmond</City>
    <StateCode>CA</StateCode>
    <PostalCode>94801</PostalCode>
    <CountryCode>US</CountryCode>
    <Phone>(510) 307-8211</Phone>
    <Fax />
    <Email>scott@vertigosoftware.com</Email>
    <Sales>34562134.0000</Sales>
  </User>
  <User>
    <UserID>27</UserID>
    <Company>Corillian</Company>
    <FirstName>Scott</FirstName>
    <LastName>Hanselman</LastName>
    <Title>Chief Architect</Title>
    <Address>3400 NW John Olson Place</Address>
    <City>Hillsboro</City>
    <StateCode>OR</StateCode>
    <PostalCode>97124</PostalCode>
    <CountryCode>US</CountryCode>
    <Phone>503-629-4342</Phone>
    <Fax>425-795-2199</Fax>
    <Email>scott@hanselman.com</Email>
    <Sales>43526.0000</Sales>
  </User>
  <User>
    <UserID>28</UserID>
    <Company>Wireless Strategist &amp; Consultants India Pvt. Ltd.</Company>
    <FirstName>Sanjay</FirstName>
    <LastName>Shetty</LastName>
    <Title>CEO</Title>
    <Address>52 Gulab Mahal</Address>
    <City>Mumbai</City>
    <StateCode>Maharashtra</StateCode>
    <PostalCode>400034</PostalCode>
    <CountryCode>IN</CountryCode>
    <Phone>91 98211 55115</Phone>
    <Fax />
    <Email>sanjay@wirelessstrategist.com</Email>
    <Sales>4537.0000</Sales>
  </User>
  <User>
    <UserID>29</UserID>
    <Company />
    <FirstName>Ralf</FirstName>
    <LastName>Westphal</LastName>
    <Title />
    <Address>Mozartstr. 25</Address>
    <City>Hamburg</City>
    <StateCode>n/a</StateCode>
    <PostalCode>22083</PostalCode>
    <CountryCode>DE</CountryCode>
    <Phone>+49 (0)170 3200 458</Phone>
    <Fax />
    <Email>ralfw@ralfw.de</Email>
    <Sales>4567.0000</Sales>
  </User>
  <User>
    <UserID>30</UserID>
    <Company>Stanski Consulting Pty. Ltd.</Company>
    <FirstName>Peter</FirstName>
    <LastName>Stanski</LastName>
    <Title>Dr</Title>
    <Address>PO BOX 7352</Address>
    <City>Melbourne</City>
    <StateCode>Victoria</StateCode>
    <PostalCode>3175</PostalCode>
    <CountryCode>AU</CountryCode>
    <Phone>+61 407 407 921</Phone>
    <Fax>+61 3 8080 1729</Fax>
    <Email>peter.stanski@stanski.com</Email>
    <Sales>86589.0000</Sales>
  </User>
  <User>
    <UserID>31</UserID>
    <Company>PDSA, Inc</Company>
    <FirstName>Paul</FirstName>
    <LastName>Sheriff</LastName>
    <Title>President</Title>
    <Address>17852 E. 17th Street</Address>
    <City>Tustin</City>
    <StateCode>CA</StateCode>
    <PostalCode>92780</PostalCode>
    <CountryCode>US</CountryCode>
    <Phone>714 734 9792</Phone>
    <Fax>714 734 9793</Fax>
    <Email>psheriff@pdsa.com</Email>
    <Sales>65.0000</Sales>
  </User>
  <User>
    <UserID>32</UserID>
    <Company>CriticalSites</Company>
    <FirstName>Patrick</FirstName>
    <LastName>Hynds</LastName>
    <Title>CTO</Title>
    <Address>427 Amherst Street</Address>
    <City>Nashua</City>
    <StateCode>NH</StateCode>
    <PostalCode>03063</PostalCode>
    <CountryCode>US</CountryCode>
    <Phone>603 263 2263</Phone>
    <Fax>603 656 4071</Fax>
    <Email>PHynds@CriticalSites.com</Email>
    <Sales>4364.0000</Sales>
  </User>
  <User>
    <UserID>33</UserID>
    <Company>Visual Programming</Company>
    <FirstName>Pablo</FirstName>
    <LastName>Pelaez</LastName>
    <Title>CEO</Title>
    <Address>C/Moises de Leon, 13 Oficinas, 1 E</Address>
    <City>Leon</City>
    <StateCode>Leon</StateCode>
    <PostalCode>24006</PostalCode>
    <CountryCode>ES</CountryCode>
    <Phone>34 902 11 57 98</Phone>
    <Fax>34 987 25 37 85</Fax>
    <Email>pablo@visualpr.net</Email>
    <Sales>35.0000</Sales>
  </User>
  <User>
    <UserID>34</UserID>
    <Company>CIFT</Company>
    <FirstName>Mikhail</FirstName>
    <LastName>Sidorov</LastName>
    <Title>Deputy Director</Title>
    <Address>Krasnoarmeyskaya 78-a</Address>
    <City>Yekaterinburg</City>
    <StateCode>n/a</StateCode>
    <PostalCode>620026</PostalCode>
    <CountryCode>RU</CountryCode>
    <Phone>7-3432-516292</Phone>
    <Fax>7-3432-516292</Fax>
    <Email>mikhail_sidorov@cift.ru</Email>
    <Sales>4537.0000</Sales>
  </User>
  <User>
    <UserID>35</UserID>
    <Company>RDA Corporation</Company>
    <FirstName>Don</FirstName>
    <LastName>Awalt</LastName>
    <Title>CEO</Title>
    <Address>1133 Dulaney Gate Circle</Address>
    <City>Cockeysville</City>
    <StateCode>MD</StateCode>
    <PostalCode>21030-3012</PostalCode>
    <CountryCode>US</CountryCode>
    <Phone>443-540-1276</Phone>
    <Fax />
    <Email>awalt@rdacorp.com</Email>
    <Sales>4357.0000</Sales>
  </User>
  <User>
    <UserID>36</UserID>
    <Company>Logic Studio</Company>
    <FirstName>Edgar</FirstName>
    <LastName>Sánchez</LastName>
    <Title>Executive President</Title>
    <Address>Calle Pradera N30-258 y Mariano Aguilera</Address>
    <City>Quito</City>
    <StateCode>Pichincha</StateCode>
    <PostalCode>NA</PostalCode>
    <CountryCode>EC</CountryCode>
    <Phone>(5932) 255 7692</Phone>
    <Fax />
    <Email>edgar.sanchez@logicstudio.net</Email>
    <Sales>5465.0000</Sales>
  </User>
  <User>
    <UserID>37</UserID>
    <Company>Mobipocket</Company>
    <FirstName>Eric</FirstName>
    <LastName>Groise</LastName>
    <Title>Senior Software Architect</Title>
    <Address>104 avenue du Président Kennedy</Address>
    <City>PARIS</City>
    <StateCode>FRANCE</StateCode>
    <PostalCode>75016</PostalCode>
    <CountryCode>FR</CountryCode>
    <Phone>+33 1 44 14 15 56 </Phone>
    <Fax />
    <Email>eric@mobipocket.com</Email>
    <Sales>679.0000</Sales>
  </User>
  <User>
    <UserID>38</UserID>
    <Company>Code Architects</Company>
    <FirstName>Francesco</FirstName>
    <LastName>Balena</LastName>
    <Title />
    <Address>v. Arcidiacono Giovanni 51 </Address>
    <City>Bari</City>
    <StateCode>n/a</StateCode>
    <PostalCode>70124 </PostalCode>
    <CountryCode>IT</CountryCode>
    <Phone>39-080-5093211 </Phone>
    <Fax />
    <Email>fbalena@vb2themax.com</Email>
    <Sales>34.0000</Sales>
  </User>
  <User>
    <UserID>39</UserID>
    <Company>Paradigma</Company>
    <FirstName>Gabriel</FirstName>
    <LastName>Cor</LastName>
    <Title>Technical Arquitect Manager</Title>
    <Address>Rio Negro 1353 p3 Of.16</Address>
    <City>Montevideo</City>
    <StateCode>n/a</StateCode>
    <PostalCode>11100</PostalCode>
    <CountryCode>UY</CountryCode>
    <Phone>(5982) 900-5429</Phone>
    <Fax>(5982) 900-5429</Fax>
    <Email>gabriel@paradigma.com.uy</Email>
    <Sales>634.0000</Sales>
  </User>
  <User>
    <UserID>40</UserID>
    <Company>ISA Technologies</Company>
    <FirstName>Fun Jin</FirstName>
    <LastName>Lim</LastName>
    <Title>Technical Director</Title>
    <Address>Suite 1.2, Block C, Plaza Damansara</Address>
    <City>Kuala Lumpur</City>
    <StateCode>Wilayah Persekutuan</StateCode>
    <PostalCode>50490</PostalCode>
    <CountryCode>MY</CountryCode>
    <Phone>(+603) 2094 0700</Phone>
    <Fax>(+603) 2094 0800</Fax>
    <Email>funj@isatechnologies.com</Email>
    <Sales>21.0000</Sales>
  </User>
  <User>
    <UserID>41</UserID>
    <Company>Info Support</Company>
    <FirstName>Gert Jan</FirstName>
    <LastName>Timmerman</LastName>
    <Title />
    <Address>De Smalle Zijde 39</Address>
    <City>Veenendaal</City>
    <StateCode>n/a</StateCode>
    <PostalCode>3903 LM</PostalCode>
    <CountryCode>NL</CountryCode>
    <Phone>31(0)318 - 55 20 20</Phone>
    <Fax />
    <Email>gertt@infosupport.com</Email>
    <Sales>23.0000</Sales>
  </User>
  <User>
    <UserID>42</UserID>
    <Company>CodeArchitects</Company>
    <FirstName>Giuseppe</FirstName>
    <LastName>Dimauro</LastName>
    <Title>RD</Title>
    <Address>VIA FIUME, 28</Address>
    <City>SANTERAMO IN COLLE (BA)</City>
    <StateCode>BA</StateCode>
    <PostalCode>70029</PostalCode>
    <CountryCode>IT</CountryCode>
    <Phone>39 80 3032805</Phone>
    <Fax />
    <Email>gdimauro@codearchitects.com</Email>
    <Sales>645.0000</Sales>
  </User>
  <User>
    <UserID>43</UserID>
    <Company>YAGE Ltd.</Company>
    <FirstName>Goksin</FirstName>
    <LastName>Bakir</LastName>
    <Title />
    <Address>Gulbahar Mah. Gayret Sok. </Address>
    <City>Istanbul</City>
    <StateCode>Turkey</StateCode>
    <PostalCode>34394</PostalCode>
    <CountryCode>TR</CountryCode>
    <Phone>90 212 274 4072</Phone>
    <Fax>90 212 275 1698</Fax>
    <Email>goksin@yage.com</Email>
    <Sales>7556.0000</Sales>
  </User>
  <User>
    <UserID>44</UserID>
    <Company>Budapest University</Company>
    <FirstName>Hassan</FirstName>
    <LastName>Charaf</LastName>
    <Title>Dr.</Title>
    <Address>Technology &amp; Economics</Address>
    <City>Budapest</City>
    <StateCode>n/a</StateCode>
    <PostalCode>H-1111</PostalCode>
    <CountryCode>HU</CountryCode>
    <Phone>+3614633969</Phone>
    <Fax>+3614632871</Fax>
    <Email>hassan@avalon.aut.bme.hu</Email>
    <Sales>97.0000</Sales>
  </User>
  <User>
    <UserID>45</UserID>
    <Company>TRIVADIS AG</Company>
    <FirstName>Meinrad</FirstName>
    <LastName>Weiss</LastName>
    <Title>Senior Consultant</Title>
    <Address>ELISABETHENANLAGE 9</Address>
    <City>BASEL</City>
    <StateCode>BS</StateCode>
    <PostalCode>n/a</PostalCode>
    <CountryCode>CH</CountryCode>
    <Phone>41 61 279 97 55</Phone>
    <Fax>41 61 279 97 56</Fax>
    <Email>MEINRAD.WEISS@TRIVADIS.COM</Email>
    <Sales>7956.0000</Sales>
  </User>
  <User>
    <UserID>46</UserID>
    <Company>M. A. S. LTDA</Company>
    <FirstName>Mauro</FirstName>
    <LastName>Sant'Anna</LastName>
    <Title />
    <Address>Al. Campinas, 696-21</Address>
    <City>Sao Paulo</City>
    <StateCode>SP</StateCode>
    <PostalCode>01404</PostalCode>
    <CountryCode>BR</CountryCode>
    <Phone>55 11 3287-9626</Phone>
    <Fax />
    <Email>mauro@mas.com.br</Email>
    <Sales>795.0000</Sales>
  </User>
  <User>
    <UserID>47</UserID>
    <Company>CSIT Tecnologia E Servicos</Company>
    <FirstName>Marcio</FirstName>
    <LastName>Boaro</LastName>
    <Title>Diretor de desenvolvimento</Title>
    <Address>Av. Eng Luis Carlos Berrini, 828</Address>
    <City>Sao Paulo</City>
    <StateCode>SP </StateCode>
    <PostalCode>04571-000</PostalCode>
    <CountryCode>BR</CountryCode>
    <Phone>55 11 5501 4503</Phone>
    <Fax>55 11 5501 4507</Fax>
    <Email>marcio.boaro@csit.com.br</Email>
    <Sales>67498.0000</Sales>
  </User>
  <User>
    <UserID>48</UserID>
    <Company>VISUALVEN SISTEMAS, C.A.</Company>
    <FirstName>Manuel</FirstName>
    <LastName>Mendez Fuentes</LastName>
    <Title />
    <Address>AV. EL PASEO CON CALLE BERMUDEZ QTA. DULCEMAR</Address>
    <City>CARACAS</City>
    <StateCode>DISTRITO FEDERAL</StateCode>
    <PostalCode>1040</PostalCode>
    <CountryCode>VE</CountryCode>
    <Phone>690-00-47</Phone>
    <Fax />
    <Email>manuelm60@cantv.net</Email>
    <Sales>4342.0000</Sales>
  </User>
  <User>
    <UserID>49</UserID>
    <Company>InDepth Technology</Company>
    <FirstName>Kevin</FirstName>
    <LastName>Schuler</LastName>
    <Title>President</Title>
    <Address>5906 Berkshire Ct.</Address>
    <City>Dublin</City>
    <StateCode>OH</StateCode>
    <PostalCode>43017</PostalCode>
    <CountryCode>US</CountryCode>
    <Phone>614 761 9760</Phone>
    <Fax>614 760 7791</Fax>
    <Email>kevins@indepth-tech.com</Email>
    <Sales>65324.0000</Sales>
  </User>
  <User>
    <UserID>50</UserID>
    <Company>32X, LLC</Company>
    <FirstName>Ken</FirstName>
    <LastName>Spencer</LastName>
    <Title>Chief Technology Officer</Title>
    <Address>4819 Emperor Blvd</Address>
    <City>Durham</City>
    <StateCode>NC</StateCode>
    <PostalCode>27703</PostalCode>
    <CountryCode>US</CountryCode>
    <Phone>336 291 0336</Phone>
    <Fax>863.802.4772</Fax>
    <Email>KenSpencer@32x.com</Email>
    <Sales>23.0000</Sales>
  </User>
  <User>
    <UserID>51</UserID>
    <Company>Gregory Consulting Limited</Company>
    <FirstName>Kate</FirstName>
    <LastName>Gregory</LastName>
    <Title>Partner</Title>
    <Address>341 Charlotte Street</Address>
    <City>Peterborough</City>
    <StateCode>Ontario</StateCode>
    <PostalCode>K9J 2W1</PostalCode>
    <CountryCode>CA</CountryCode>
    <Phone>705 277 1861</Phone>
    <Fax>705 277 9865</Fax>
    <Email>kate@gregcons.com</Email>
    <Sales>434.0000</Sales>
  </User>
</Users>