<?xml version="1.0" encoding="UTF-8"?>
<SalesOrderHeaders>
   <SalesOrderHeader>
      <SalesOrderID>71774</SalesOrderID>
      <OrderDate>2004-06-01T00:00:00</OrderDate>
      <DueDate>2004-06-13T00:00:00</DueDate>
      <ShipDate>2004-06-08T00:00:00</ShipDate>
      <Status>5</Status>
      <SalesOrderNumber>SO71774</SalesOrderNumber>
      <PurchaseOrderNumber>PO348186287</PurchaseOrderNumber>
      <AccountNumber>10-4020-000609</AccountNumber>
      <CustomerID>609</CustomerID>
      <ShipToAddressID>1092</ShipToAddressID>
      <BillToAddressID>1092</BillToAddressID>
      <ShipMethod>CARGO TRANSPORT 5</ShipMethod>
      <CreditCardApprovalCode>DD</CreditCardApprovalCode>
      <SubTotal>880.3484</SubTotal>
      <TaxAmt>70.4279</TaxAmt>
      <Freight>22.0087</Freight>
      <TotalDue>972.7850</TotalDue>
      <Comment>Comment</Comment>
   </SalesOrderHeader>
   <SalesOrderHeader>
      <SalesOrderID>71776</SalesOrderID>
      <OrderDate>2004-06-01T00:00:00</OrderDate>
      <DueDate>2004-06-13T00:00:00</DueDate>
      <ShipDate>2004-06-08T00:00:00</ShipDate>
      <Status>5</Status>
      <SalesOrderNumber>SO71776</SalesOrderNumber>
      <PurchaseOrderNumber>PO19952192051</PurchaseOrderNumber>
      <AccountNumber>10-4020-000106</AccountNumber>
      <CustomerID>106</CustomerID>
      <ShipToAddressID>640</ShipToAddressID>
      <BillToAddressID>640</BillToAddressID>
      <ShipMethod>CARGO TRANSPORT 5</ShipMethod>
      <SubTotal>78.8100</SubTotal>
      <TaxAmt>6.3048</TaxAmt>
      <Freight>1.9703</Freight>
      <TotalDue>87.0851</TotalDue>
   </SalesOrderHeader>
   <SalesOrderHeader>
      <SalesOrderID>71780</SalesOrderID>
      <OrderDate>2004-06-01T00:00:00</OrderDate>
      <DueDate>2004-06-13T00:00:00</DueDate>
      <ShipDate>2004-06-08T00:00:00</ShipDate>
      <Status>5</Status>
      <SalesOrderNumber>SO71780</SalesOrderNumber>
      <PurchaseOrderNumber>PO19604173239</PurchaseOrderNumber>
      <AccountNumber>10-4020-000340</AccountNumber>
      <CustomerID>340</CustomerID>
      <ShipToAddressID>653</ShipToAddressID>
      <BillToAddressID>653</BillToAddressID>
      <ShipMethod>CARGO TRANSPORT 5</ShipMethod>
      <SubTotal>38418.6895</SubTotal>
      <TaxAmt>3073.4952</TaxAmt>
      <Freight>960.4672</Freight>
      <TotalDue>42452.6519</TotalDue>
   </SalesOrderHeader>
   <SalesOrderHeader>
      <SalesOrderID>71782</SalesOrderID>
      <OrderDate>2004-06-01T00:00:00</OrderDate>
      <DueDate>2004-06-13T00:00:00</DueDate>
      <ShipDate>2004-06-08T00:00:00</ShipDate>
      <Status>5</Status>
      <SalesOrderNumber>SO71782</SalesOrderNumber>
      <PurchaseOrderNumber>PO19372114749</PurchaseOrderNumber>
      <AccountNumber>10-4020-000582</AccountNumber>
      <CustomerID>582</CustomerID>
      <ShipToAddressID>1086</ShipToAddressID>
      <BillToAddressID>1086</BillToAddressID>
      <ShipMethod>CARGO TRANSPORT 5</ShipMethod>
      <SubTotal>39785.3304</SubTotal>
      <TaxAmt>3182.8264</TaxAmt>
      <Freight>994.6333</Freight>
      <TotalDue>43962.7901</TotalDue>
   </SalesOrderHeader>
   <SalesOrderHeader>
      <SalesOrderID>71783</SalesOrderID>
      <OrderDate>2004-06-01T00:00:00</OrderDate>
      <DueDate>2004-06-13T00:00:00</DueDate>
      <ShipDate>2004-06-08T00:00:00</ShipDate>
      <Status>5</Status>
      <SalesOrderNumber>SO71783</SalesOrderNumber>
      <PurchaseOrderNumber>PO19343113609</PurchaseOrderNumber>
      <AccountNumber>10-4020-000024</AccountNumber>
      <CustomerID>24</CustomerID>
      <ShipToAddressID>992</ShipToAddressID>
      <BillToAddressID>992</BillToAddressID>
      <ShipMethod>CARGO TRANSPORT 5</ShipMethod>
      <SubTotal>83858.4261</SubTotal>
      <TaxAmt>6708.6741</TaxAmt>
      <Freight>2096.4607</Freight>
      <TotalDue>92663.5609</TotalDue>
   </SalesOrderHeader>
   <SalesOrderHeader>
      <SalesOrderID>71784</SalesOrderID>
      <OrderDate>2004-06-01T00:00:00</OrderDate>
      <DueDate>2004-06-13T00:00:00</DueDate>
      <ShipDate>2004-06-08T00:00:00</ShipDate>
      <Status>5</Status>
      <SalesOrderNumber>SO71784</SalesOrderNumber>
      <PurchaseOrderNumber>PO19285135919</PurchaseOrderNumber>
      <AccountNumber>10-4020-000448</AccountNumber>
      <CustomerID>448</CustomerID>
      <ShipToAddressID>659</ShipToAddressID>
      <BillToAddressID>659</BillToAddressID>
      <ShipMethod>CARGO TRANSPORT 5</ShipMethod>
      <SubTotal>108561.8317</SubTotal>
      <TaxAmt>8684.9465</TaxAmt>
      <Freight>2714.0458</Freight>
      <TotalDue>119960.8240</TotalDue>
   </SalesOrderHeader>
   <SalesOrderHeader>
      <SalesOrderID>71796</SalesOrderID>
      <OrderDate>2004-06-01T00:00:00</OrderDate>
      <DueDate>2004-06-13T00:00:00</DueDate>
      <ShipDate>2004-06-08T00:00:00</ShipDate>
      <Status>5</Status>
      <SalesOrderNumber>SO71796</SalesOrderNumber>
      <PurchaseOrderNumber>PO17052159664</PurchaseOrderNumber>
      <AccountNumber>10-4020-000420</AccountNumber>
      <CustomerID>420</CustomerID>
      <ShipToAddressID>1058</ShipToAddressID>
      <BillToAddressID>1058</BillToAddressID>
      <ShipMethod>CARGO TRANSPORT 5</ShipMethod>
      <SubTotal>57634.6342</SubTotal>
      <TaxAmt>4610.7707</TaxAmt>
      <Freight>1440.8659</Freight>
      <TotalDue>63686.2708</TotalDue>
   </SalesOrderHeader>
   <SalesOrderHeader>
      <SalesOrderID>71797</SalesOrderID>
      <OrderDate>2004-06-01T00:00:00</OrderDate>
      <DueDate>2004-06-13T00:00:00</DueDate>
      <ShipDate>2004-06-08T00:00:00</ShipDate>
      <Status>5</Status>
      <SalesOrderNumber>SO71797</SalesOrderNumber>
      <PurchaseOrderNumber>PO16501134889</PurchaseOrderNumber>
      <AccountNumber>10-4020-000142</AccountNumber>
      <CustomerID>142</CustomerID>
      <ShipToAddressID>642</ShipToAddressID>
      <BillToAddressID>642</BillToAddressID>
      <ShipMethod>CARGO TRANSPORT 5</ShipMethod>
      <SubTotal>78029.6898</SubTotal>
      <TaxAmt>6242.3752</TaxAmt>
      <Freight>1950.7422</Freight>
      <TotalDue>86222.8072</TotalDue>
   </SalesOrderHeader>
   <SalesOrderHeader>
      <SalesOrderID>71815</SalesOrderID>
      <OrderDate>2004-06-01T00:00:00</OrderDate>
      <DueDate>2004-06-13T00:00:00</DueDate>
      <ShipDate>2004-06-08T00:00:00</ShipDate>
      <Status>5</Status>
      <SalesOrderNumber>SO71815</SalesOrderNumber>
      <PurchaseOrderNumber>PO13021155785</PurchaseOrderNumber>
      <AccountNumber>10-4020-000276</AccountNumber>
      <CustomerID>276</CustomerID>
      <ShipToAddressID>1034</ShipToAddressID>
      <BillToAddressID>1034</BillToAddressID>
      <ShipMethod>CARGO TRANSPORT 5</ShipMethod>
      <SubTotal>1141.5782</SubTotal>
      <TaxAmt>91.3263</TaxAmt>
      <Freight>28.5395</Freight>
      <TotalDue>1261.4440</TotalDue>
   </SalesOrderHeader>
   <SalesOrderHeader>
      <SalesOrderID>71816</SalesOrderID>
      <OrderDate>2004-06-01T00:00:00</OrderDate>
      <DueDate>2004-06-13T00:00:00</DueDate>
      <ShipDate>2004-06-08T00:00:00</ShipDate>
      <Status>5</Status>
      <SalesOrderNumber>SO71816</SalesOrderNumber>
      <PurchaseOrderNumber>PO12992180445</PurchaseOrderNumber>
      <AccountNumber>10-4020-000295</AccountNumber>
      <CustomerID>295</CustomerID>
      <ShipToAddressID>1038</ShipToAddressID>
      <BillToAddressID>1038</BillToAddressID>
      <ShipMethod>CARGO TRANSPORT 5</ShipMethod>
      <SubTotal>3398.1659</SubTotal>
      <TaxAmt>271.8533</TaxAmt>
      <Freight>84.9541</Freight>
      <TotalDue>3754.9733</TotalDue>
   </SalesOrderHeader>
   <SalesOrderHeader>
      <SalesOrderID>71831</SalesOrderID>
      <OrderDate>2004-06-01T00:00:00</OrderDate>
      <DueDate>2004-06-13T00:00:00</DueDate>
      <ShipDate>2004-06-08T00:00:00</ShipDate>
      <Status>5</Status>
      <SalesOrderNumber>SO71831</SalesOrderNumber>
      <PurchaseOrderNumber>PO10295111084</PurchaseOrderNumber>
      <AccountNumber>10-4020-000322</AccountNumber>
      <CustomerID>322</CustomerID>
      <ShipToAddressID>652</ShipToAddressID>
      <BillToAddressID>652</BillToAddressID>
      <ShipMethod>CARGO TRANSPORT 5</ShipMethod>
      <SubTotal>2016.3408</SubTotal>
      <TaxAmt>161.3073</TaxAmt>
      <Freight>50.4085</Freight>
      <TotalDue>2228.0566</TotalDue>
   </SalesOrderHeader>
   <SalesOrderHeader>
      <SalesOrderID>71832</SalesOrderID>
      <OrderDate>2004-06-01T00:00:00</OrderDate>
      <DueDate>2004-06-13T00:00:00</DueDate>
      <ShipDate>2004-06-08T00:00:00</ShipDate>
      <Status>5</Status>
      <SalesOrderNumber>SO71832</SalesOrderNumber>
      <PurchaseOrderNumber>PO10353140756</PurchaseOrderNumber>
      <AccountNumber>10-4020-000088</AccountNumber>
      <CustomerID>88</CustomerID>
      <ShipToAddressID>639</ShipToAddressID>
      <BillToAddressID>639</BillToAddressID>
      <ShipMethod>CARGO TRANSPORT 5</ShipMethod>
      <SubTotal>35775.2113</SubTotal>
      <TaxAmt>2862.0169</TaxAmt>
      <Freight>894.3803</Freight>
      <TotalDue>39531.6085</TotalDue>
   </SalesOrderHeader>
   <SalesOrderHeader>
      <SalesOrderID>71845</SalesOrderID>
      <OrderDate>2004-06-01T00:00:00</OrderDate>
      <DueDate>2004-06-13T00:00:00</DueDate>
      <ShipDate>2004-06-08T00:00:00</ShipDate>
      <Status>5</Status>
      <SalesOrderNumber>SO71845</SalesOrderNumber>
      <PurchaseOrderNumber>PO2697119362</PurchaseOrderNumber>
      <AccountNumber>10-4020-000187</AccountNumber>
      <CustomerID>187</CustomerID>
      <ShipToAddressID>1020</ShipToAddressID>
      <BillToAddressID>1020</BillToAddressID>
      <ShipMethod>CARGO TRANSPORT 5</ShipMethod>
      <SubTotal>41622.0511</SubTotal>
      <TaxAmt>3329.7641</TaxAmt>
      <Freight>1040.5513</Freight>
      <TotalDue>45992.3665</TotalDue>
   </SalesOrderHeader>
   <SalesOrderHeader>
      <SalesOrderID>71846</SalesOrderID>
      <OrderDate>2004-06-01T00:00:00</OrderDate>
      <DueDate>2004-06-13T00:00:00</DueDate>
      <ShipDate>2004-06-08T00:00:00</ShipDate>
      <Status>5</Status>
      <SalesOrderNumber>SO71846</SalesOrderNumber>
      <PurchaseOrderNumber>PO2378131604</PurchaseOrderNumber>
      <AccountNumber>10-4020-000635</AccountNumber>
      <CustomerID>187</CustomerID>
      <ShipToAddressID>669</ShipToAddressID>
      <BillToAddressID>669</BillToAddressID>
      <ShipMethod>CARGO TRANSPORT 5</ShipMethod>
      <SubTotal>2453.7645</SubTotal>
      <TaxAmt>196.3012</TaxAmt>
      <Freight>61.3441</Freight>
      <TotalDue>2711.4098</TotalDue>
   </SalesOrderHeader>
   <SalesOrderHeader>
      <SalesOrderID>71856</SalesOrderID>
      <OrderDate>2004-06-01T00:00:00</OrderDate>
      <DueDate>2004-06-13T00:00:00</DueDate>
      <ShipDate>2004-06-08T00:00:00</ShipDate>
      <Status>5</Status>
      <SalesOrderNumber>SO71856</SalesOrderNumber>
      <PurchaseOrderNumber>PO16530177647</PurchaseOrderNumber>
      <AccountNumber>10-4020-000601</AccountNumber>
      <CustomerID>187</CustomerID>
      <ShipToAddressID>1090</ShipToAddressID>
      <BillToAddressID>1090</BillToAddressID>
      <ShipMethod>CARGO TRANSPORT 5</ShipMethod>
      <SubTotal>602.1946</SubTotal>
      <TaxAmt>48.1756</TaxAmt>
      <Freight>15.0549</Freight>
      <TotalDue>665.4251</TotalDue>
   </SalesOrderHeader>
   <SalesOrderHeader>
      <SalesOrderID>71858</SalesOrderID>
      <OrderDate>2004-06-01T00:00:00</OrderDate>
      <DueDate>2004-06-13T00:00:00</DueDate>
      <ShipDate>2004-06-08T00:00:00</ShipDate>
      <Status>5</Status>
      <SalesOrderNumber>SO71858</SalesOrderNumber>
      <PurchaseOrderNumber>PO16153112278</PurchaseOrderNumber>
      <AccountNumber>10-4020-000186</AccountNumber>
      <CustomerID>186</CustomerID>
      <ShipToAddressID>1019</ShipToAddressID>
      <BillToAddressID>1019</BillToAddressID>
      <ShipMethod>CARGO TRANSPORT 5</ShipMethod>
      <SubTotal>13823.7083</SubTotal>
      <TaxAmt>1105.8967</TaxAmt>
      <Freight>345.5927</Freight>
      <TotalDue>15275.1977</TotalDue>
   </SalesOrderHeader>
   <SalesOrderHeader>
      <SalesOrderID>71863</SalesOrderID>
      <OrderDate>2004-06-01T00:00:00</OrderDate>
      <DueDate>2004-06-13T00:00:00</DueDate>
      <ShipDate>2004-06-08T00:00:00</ShipDate>
      <Status>5</Status>
      <SalesOrderNumber>SO71863</SalesOrderNumber>
      <PurchaseOrderNumber>PO16124166561</PurchaseOrderNumber>
      <AccountNumber>10-4020-000649</AccountNumber>
      <CustomerID>649</CustomerID>
      <ShipToAddressID>1098</ShipToAddressID>
      <BillToAddressID>1098</BillToAddressID>
      <ShipMethod>CARGO TRANSPORT 5</ShipMethod>
      <SubTotal>3324.2759</SubTotal>
      <TaxAmt>265.9421</TaxAmt>
      <Freight>83.1069</Freight>
      <TotalDue>3673.3249</TotalDue>
   </SalesOrderHeader>
   <SalesOrderHeader>
      <SalesOrderID>71867</SalesOrderID>
      <OrderDate>2004-06-01T00:00:00</OrderDate>
      <DueDate>2004-06-13T00:00:00</DueDate>
      <ShipDate>2004-06-08T00:00:00</ShipDate>
      <Status>5</Status>
      <SalesOrderNumber>SO71867</SalesOrderNumber>
      <PurchaseOrderNumber>PO13050111529</PurchaseOrderNumber>
      <AccountNumber>10-4020-000160</AccountNumber>
      <CustomerID>160</CustomerID>
      <ShipToAddressID>643</ShipToAddressID>
      <BillToAddressID>643</BillToAddressID>
      <ShipMethod>CARGO TRANSPORT 5</ShipMethod>
      <SubTotal>1059.3100</SubTotal>
      <TaxAmt>84.7448</TaxAmt>
      <Freight>26.4828</Freight>
      <TotalDue>1170.5376</TotalDue>
   </SalesOrderHeader>
   <SalesOrderHeader>
      <SalesOrderID>71885</SalesOrderID>
      <OrderDate>2004-06-01T00:00:00</OrderDate>
      <DueDate>2004-06-13T00:00:00</DueDate>
      <ShipDate>2004-06-08T00:00:00</ShipDate>
      <Status>5</Status>
      <SalesOrderNumber>SO71885</SalesOrderNumber>
      <PurchaseOrderNumber>PO6119130779</PurchaseOrderNumber>
      <AccountNumber>10-4020-000268</AccountNumber>
      <CustomerID>268</CustomerID>
      <ShipToAddressID>649</ShipToAddressID>
      <BillToAddressID>649</BillToAddressID>
      <ShipMethod>CARGO TRANSPORT 5</ShipMethod>
      <SubTotal>550.3860</SubTotal>
      <TaxAmt>44.0309</TaxAmt>
      <Freight>13.7597</Freight>
      <TotalDue>608.1766</TotalDue>
   </SalesOrderHeader>
   <SalesOrderHeader>
      <SalesOrderID>71895</SalesOrderID>
      <OrderDate>2004-06-01T00:00:00</OrderDate>
      <DueDate>2004-06-13T00:00:00</DueDate>
      <ShipDate>2004-06-08T00:00:00</ShipDate>
      <Status>5</Status>
      <SalesOrderNumber>SO71895</SalesOrderNumber>
      <PurchaseOrderNumber>PO3770176273</PurchaseOrderNumber>
      <AccountNumber>10-4020-000151</AccountNumber>
      <CustomerID>151</CustomerID>
      <ShipToAddressID>1014</ShipToAddressID>
      <BillToAddressID>1014</BillToAddressID>
      <ShipMethod>CARGO TRANSPORT 5</ShipMethod>
      <SubTotal>246.7392</SubTotal>
      <TaxAmt>19.7391</TaxAmt>
      <Freight>6.1685</Freight>
      <TotalDue>272.6468</TotalDue>
   </SalesOrderHeader>
   <SalesOrderHeader>
      <SalesOrderID>71897</SalesOrderID>
      <OrderDate>2004-06-01T00:00:00</OrderDate>
      <DueDate>2004-06-13T00:00:00</DueDate>
      <ShipDate>2004-06-08T00:00:00</ShipDate>
      <Status>5</Status>
      <SalesOrderNumber>SO71897</SalesOrderNumber>
      <PurchaseOrderNumber>PO4785152479</PurchaseOrderNumber>
      <AccountNumber>10-4020-000223</AccountNumber>
      <CustomerID>223</CustomerID>
      <ShipToAddressID>1026</ShipToAddressID>
      <BillToAddressID>1026</BillToAddressID>
      <ShipMethod>CARGO TRANSPORT 5</ShipMethod>
      <SubTotal>12685.8899</SubTotal>
      <TaxAmt>1014.8712</TaxAmt>
      <Freight>317.1472</Freight>
      <TotalDue>14017.9083</TotalDue>
   </SalesOrderHeader>
   <SalesOrderHeader>
      <SalesOrderID>71898</SalesOrderID>
      <OrderDate>2004-06-01T00:00:00</OrderDate>
      <DueDate>2004-06-13T00:00:00</DueDate>
      <ShipDate>2004-06-08T00:00:00</ShipDate>
      <Status>5</Status>
      <SalesOrderNumber>SO71898</SalesOrderNumber>
      <PurchaseOrderNumber>PO5713190501</PurchaseOrderNumber>
      <AccountNumber>10-4020-000052</AccountNumber>
      <CustomerID>52</CustomerID>
      <ShipToAddressID>637</ShipToAddressID>
      <BillToAddressID>637</BillToAddressID>
      <ShipMethod>CARGO TRANSPORT 5</ShipMethod>
      <SubTotal>63980.9884</SubTotal>
      <TaxAmt>5118.4791</TaxAmt>
      <Freight>1599.5247</Freight>
      <TotalDue>70698.9922</TotalDue>
   </SalesOrderHeader>
   <SalesOrderHeader>
      <SalesOrderID>71899</SalesOrderID>
      <OrderDate>2004-06-01T00:00:00</OrderDate>
      <DueDate>2004-06-13T00:00:00</DueDate>
      <ShipDate>2004-06-08T00:00:00</ShipDate>
      <Status>5</Status>
      <SalesOrderNumber>SO71899</SalesOrderNumber>
      <PurchaseOrderNumber>PO4582142611</PurchaseOrderNumber>
      <AccountNumber>10-4020-000025</AccountNumber>
      <CustomerID>25</CustomerID>
      <ShipToAddressID>993</ShipToAddressID>
      <BillToAddressID>993</BillToAddressID>
      <ShipMethod>CARGO TRANSPORT 5</ShipMethod>
      <SubTotal>2415.6727</SubTotal>
      <TaxAmt>193.2538</TaxAmt>
      <Freight>60.3918</Freight>
      <TotalDue>2669.3183</TotalDue>
   </SalesOrderHeader>
   <SalesOrderHeader>
      <SalesOrderID>71902</SalesOrderID>
      <OrderDate>2004-06-01T00:00:00</OrderDate>
      <DueDate>2004-06-13T00:00:00</DueDate>
      <ShipDate>2004-06-08T00:00:00</ShipDate>
      <Status>5</Status>
      <SalesOrderNumber>SO71902</SalesOrderNumber>
      <PurchaseOrderNumber>PO5539125166</PurchaseOrderNumber>
      <AccountNumber>10-4020-000061</AccountNumber>
      <CustomerID>61</CustomerID>
      <ShipToAddressID>999</ShipToAddressID>
      <BillToAddressID>999</BillToAddressID>
      <ShipMethod>CARGO TRANSPORT 5</ShipMethod>
      <SubTotal>74058.8078</SubTotal>
      <TaxAmt>5924.7046</TaxAmt>
      <Freight>1851.4702</Freight>
      <TotalDue>81834.9826</TotalDue>
   </SalesOrderHeader>
   <SalesOrderHeader>
      <SalesOrderID>71915</SalesOrderID>
      <OrderDate>2004-06-01T00:00:00</OrderDate>
      <DueDate>2004-06-13T00:00:00</DueDate>
      <ShipDate>2004-06-08T00:00:00</ShipDate>
      <Status>5</Status>
      <SalesOrderNumber>SO71915</SalesOrderNumber>
      <PurchaseOrderNumber>PO2349143275</PurchaseOrderNumber>
      <AccountNumber>10-4020-000006</AccountNumber>
      <CustomerID>6</CustomerID>
      <ShipToAddressID>989</ShipToAddressID>
      <BillToAddressID>989</BillToAddressID>
      <ShipMethod>CARGO TRANSPORT 5</ShipMethod>
      <SubTotal>2137.2310</SubTotal>
      <TaxAmt>170.9785</TaxAmt>
      <Freight>53.4308</Freight>
      <TotalDue>2361.6403</TotalDue>
   </SalesOrderHeader>
   <SalesOrderHeader>
      <SalesOrderID>71917</SalesOrderID>
      <OrderDate>2004-06-01T00:00:00</OrderDate>
      <DueDate>2004-06-13T00:00:00</DueDate>
      <ShipDate>2004-06-08T00:00:00</ShipDate>
      <Status>5</Status>
      <SalesOrderNumber>SO71917</SalesOrderNumber>
      <PurchaseOrderNumber>PO29111718</PurchaseOrderNumber>
      <AccountNumber>10-4020-000304</AccountNumber>
      <CustomerID>304</CustomerID>
      <ShipToAddressID>651</ShipToAddressID>
      <BillToAddressID>651</BillToAddressID>
      <ShipMethod>CARGO TRANSPORT 5</ShipMethod>
      <SubTotal>40.9045</SubTotal>
      <TaxAmt>3.2724</TaxAmt>
      <Freight>1.0226</Freight>
      <TotalDue>45.1995</TotalDue>
   </SalesOrderHeader>
   <SalesOrderHeader>
      <SalesOrderID>71920</SalesOrderID>
      <OrderDate>2004-06-01T00:00:00</OrderDate>
      <DueDate>2004-06-13T00:00:00</DueDate>
      <ShipDate>2004-06-08T00:00:00</ShipDate>
      <Status>5</Status>
      <SalesOrderNumber>SO71920</SalesOrderNumber>
      <PurchaseOrderNumber>PO4002189853</PurchaseOrderNumber>
      <AccountNumber>10-4020-000674</AccountNumber>
      <CustomerID>674</CustomerID>
      <ShipToAddressID>1102</ShipToAddressID>
      <BillToAddressID>1102</BillToAddressID>
      <ShipMethod>CARGO TRANSPORT 5</ShipMethod>
      <SubTotal>2980.7929</SubTotal>
      <TaxAmt>238.4634</TaxAmt>
      <Freight>74.5198</Freight>
      <TotalDue>3293.7761</TotalDue>
   </SalesOrderHeader>
   <SalesOrderHeader>
      <SalesOrderID>71923</SalesOrderID>
      <OrderDate>2004-06-01T00:00:00</OrderDate>
      <DueDate>2004-06-13T00:00:00</DueDate>
      <ShipDate>2004-06-08T00:00:00</ShipDate>
      <Status>5</Status>
      <SalesOrderNumber>SO71923</SalesOrderNumber>
      <PurchaseOrderNumber>PO174173096</PurchaseOrderNumber>
      <AccountNumber>10-4020-000277</AccountNumber>
      <CustomerID>277</CustomerID>
      <ShipToAddressID>1035</ShipToAddressID>
      <BillToAddressID>1035</BillToAddressID>
      <ShipMethod>CARGO TRANSPORT 5</ShipMethod>
      <SubTotal>106.5408</SubTotal>
      <TaxAmt>8.5233</TaxAmt>
      <Freight>2.6635</Freight>
      <TotalDue>117.7276</TotalDue>
   </SalesOrderHeader>
   <SalesOrderHeader>
      <SalesOrderID>71935</SalesOrderID>
      <OrderDate>2004-06-01T00:00:00</OrderDate>
      <DueDate>2004-06-13T00:00:00</DueDate>
      <ShipDate>2004-06-08T00:00:00</ShipDate>
      <Status>5</Status>
      <SalesOrderNumber>SO71935</SalesOrderNumber>
      <PurchaseOrderNumber>PO7946145876</PurchaseOrderNumber>
      <AccountNumber>10-4020-000438</AccountNumber>
      <CustomerID>438</CustomerID>
      <ShipToAddressID>1061</ShipToAddressID>
      <BillToAddressID>1061</BillToAddressID>
      <ShipMethod>CARGO TRANSPORT 5</ShipMethod>
      <SubTotal>6634.2961</SubTotal>
      <TaxAmt>530.7437</TaxAmt>
      <Freight>165.8574</Freight>
      <TotalDue>7330.8972</TotalDue>
   </SalesOrderHeader>
   <SalesOrderHeader>
      <SalesOrderID>71936</SalesOrderID>
      <OrderDate>2004-06-01T00:00:00</OrderDate>
      <DueDate>2004-06-13T00:00:00</DueDate>
      <ShipDate>2004-06-08T00:00:00</ShipDate>
      <Status>5</Status>
      <SalesOrderNumber>SO71936</SalesOrderNumber>
      <PurchaseOrderNumber>PO8671170385</PurchaseOrderNumber>
      <AccountNumber>10-4020-000502</AccountNumber>
      <CustomerID>502</CustomerID>
      <ShipToAddressID>662</ShipToAddressID>
      <BillToAddressID>662</BillToAddressID>
      <ShipMethod>CARGO TRANSPORT 5</ShipMethod>
      <SubTotal>98278.6910</SubTotal>
      <TaxAmt>7862.2953</TaxAmt>
      <Freight>2456.9673</Freight>
      <TotalDue>108597.9536</TotalDue>
   </SalesOrderHeader>
   <SalesOrderHeader>
      <SalesOrderID>71938</SalesOrderID>
      <OrderDate>2004-06-01T00:00:00</OrderDate>
      <DueDate>2004-06-13T00:00:00</DueDate>
      <ShipDate>2004-06-08T00:00:00</ShipDate>
      <Status>5</Status>
      <SalesOrderNumber>SO71938</SalesOrderNumber>
      <PurchaseOrderNumber>PO8468183315</PurchaseOrderNumber>
      <AccountNumber>10-4020-000016</AccountNumber>
      <CustomerID>16</CustomerID>
      <ShipToAddressID>635</ShipToAddressID>
      <BillToAddressID>635</BillToAddressID>
      <ShipMethod>CARGO TRANSPORT 5</ShipMethod>
      <SubTotal>88812.8625</SubTotal>
      <TaxAmt>7105.0290</TaxAmt>
      <Freight>2220.3216</Freight>
      <TotalDue>98138.2131</TotalDue>
   </SalesOrderHeader>
   <SalesOrderHeader>
      <SalesOrderID>71946</SalesOrderID>
      <OrderDate>2004-06-01T00:00:00</OrderDate>
      <DueDate>2004-06-13T00:00:00</DueDate>
      <ShipDate>2004-06-08T00:00:00</ShipDate>
      <Status>5</Status>
      <SalesOrderNumber>SO71946</SalesOrderNumber>
      <PurchaseOrderNumber>PO8961158629</PurchaseOrderNumber>
      <AccountNumber>10-4020-000466</AccountNumber>
      <CustomerID>466</CustomerID>
      <ShipToAddressID>660</ShipToAddressID>
      <BillToAddressID>660</BillToAddressID>
      <ShipMethod>CARGO TRANSPORT 5</ShipMethod>
      <SubTotal>38.9536</SubTotal>
      <TaxAmt>3.1163</TaxAmt>
      <Freight>0.9738</Freight>
      <TotalDue>43.0437</TotalDue>
   </SalesOrderHeader>
</SalesOrderHeaders>