﻿<?xml version="1.0" encoding="utf-8" ?>
<Messages>
  <Message>
    <Language>en-US</Language>
    <Key>Greeting</Key>
    <Value>Hello (XML)</Value>
  </Message>
  <Message>
    <Language>en-US</Language>
    <Key>InfoMessage</Key>
    <Value>This is an Info Message (XML)</Value>
  </Message>
  <Message>
    <Language>es</Language>
    <Key>Greeting</Key>
    <Value>Hola Mundo (XML)</Value>
  </Message>
  <Message>
    <Language>es</Language>
    <Key>InfoMessage</Key>
    <Value>Este es un mensaje de información. (XML)</Value>
  </Message>
  <Message>
    <Language>fr</Language>
    <Key>Greeting</Key>
    <Value>Bonjour le monde (XML)</Value>
  </Message>
  <Message>
    <Language>fr</Language>
    <Key>InfoMessage</Key>
    <Value>Ceci est un message d'information. (XML)</Value>
  </Message>
</Messages>