<?xml version="1.0" standalone="yes"?>
<Employees>
    <Employee>
        <EmployeeNumber>131</EmployeeNumber>
        <FirstName>Chris</FirstName>
        <LastName>Weaver</LastName>
        <SSN>330-00-3933</SSN>
    </Employee>
    <Employee>
        <EmployeeNumber>132</EmployeeNumber>
        <FirstName>Dawn</FirstName>
        <LastName>Bjork</LastName>
        <SSN>393-92-9938</SSN>
    </Employee>
    <Employee>
        <EmployeeNumber>133</EmployeeNumber>
        <FirstName>Dave</FirstName>
        <LastName>Harding</LastName>
        <SSN>393-92-9938</SSN>
    </Employee>
    <Employee>
        <EmployeeNumber>134</EmployeeNumber>
        <FirstName>Robert</FirstName>
        <LastName>McHale</LastName>
        <SSN>393-92-9938</SSN>
    </Employee>
    <Employee>
        <EmployeeNumber>138</EmployeeNumber>
        <FirstName>Michael</FirstName>
        <LastName>Krasowski</LastName>
        <SSN>399-93-0939</SSN>
    </Employee>
    <Employee>
        <EmployeeNumber>1</EmployeeNumber>
        <FirstName>Paul</FirstName>
        <LastName>Sheriff</LastName>
        <SSN>111-11-1111</SSN>
    </Employee>
    <Employee>
        <EmployeeNumber>2</EmployeeNumber>
        <FirstName>Ken</FirstName>
        <LastName>Moss</LastName>
        <SSN>222-22-2222</SSN>
    </Employee>
    <Employee>
        <EmployeeNumber>4</EmployeeNumber>
        <FirstName>Joe</FirstName>
        <LastName>Zebra</LastName>
        <SSN>333-33-3333</SSN>
    </Employee>
    <Employee>
        <EmployeeNumber>5</EmployeeNumber>
        <FirstName>Mike</FirstName>
        <LastName>Groh</LastName>
        <SSN>444-44-4444</SSN>
    </Employee>
    <Employee>
        <EmployeeNumber>6</EmployeeNumber>
        <FirstName>Steve</FirstName>
        <LastName>Hilton</LastName>
        <SSN>555-55-5555</SSN>
    </Employee>
    <Employee>
        <EmployeeNumber>7</EmployeeNumber>
        <FirstName>Joe</FirstName>
        <LastName>Dog</LastName>
        <SSN>666-66-6666</SSN>
    </Employee>
    <Employee>
        <EmployeeNumber>8</EmployeeNumber>
        <FirstName>Sue A.</FirstName>
        <LastName>Johnson</LastName>
        <SSN>777-77-7777</SSN>
    </Employee>
    <Employee>
        <EmployeeNumber>9</EmployeeNumber>
        <FirstName>Henry</FirstName>
        <LastName>Hyde</LastName>
        <SSN>888-88-8888</SSN>
    </Employee>
    <Employee>
        <EmployeeNumber>10</EmployeeNumber>
        <FirstName>Henry</FirstName>
        <LastName>Higgins</LastName>
        <SSN>999-99-9999</SSN>
    </Employee>
    <Employee>
        <EmployeeNumber>11</EmployeeNumber>
        <FirstName>Bob</FirstName>
        <LastName>Madison</LastName>
        <SSN>123-11-1111</SSN>
    </Employee>
    <Employee>
        <EmployeeNumber>12</EmployeeNumber>
        <FirstName>Bev</FirstName>
        <LastName>Lane</LastName>
        <SSN>123-12-1234</SSN>
    </Employee>
</Employees>