<?xml version="1.0" standalone="yes"?>
<MusicGenres>
  <MusicGenre GenreId="1" Genre="General Country" LastUpdated="2011-09-02T20:48:24.39-07:00" />
  <MusicGenre GenreId="2" Genre="Rock" LastUpdated="2011-09-03T01:22:36.09-07:00" />
  <MusicGenre GenreId="3" Genre="Comedy" LastUpdated="2011-09-02T20:48:24.39-07:00" />
  <MusicGenre GenreId="4" Genre="Disco" LastUpdated="2011-09-02T20:48:24.39-07:00" />
  <MusicGenre GenreId="5" Genre="Alternative Rock" LastUpdated="2011-09-02T20:48:24.39-07:00" />
  <MusicGenre GenreId="6" Genre="Books &amp; Spoken" LastUpdated="2011-09-02T20:48:24.39-07:00" />
  <MusicGenre GenreId="7" Genre="Soundtrack" LastUpdated="2011-09-02T20:48:24.39-07:00" />
  <MusicGenre GenreId="8" Genre="Unclassifiable" LastUpdated="2011-09-02T20:48:24.39-07:00" />
  <MusicGenre GenreId="9" Genre="Blues" LastUpdated="2011-09-02T20:48:24.39-07:00" />
  <MusicGenre GenreId="10" Genre="Ska" LastUpdated="2011-09-02T20:48:24.39-07:00" />
  <MusicGenre GenreId="11" Genre="Other" LastUpdated="2011-09-02T20:48:24.39-07:00" />
  <MusicGenre GenreId="12" Genre="World" LastUpdated="2011-09-02T20:48:24.39-07:00" />
  <MusicGenre GenreId="13" Genre="Singer/Songwriter" LastUpdated="2011-09-02T20:48:24.39-07:00" />
  <MusicGenre GenreId="14" Genre="Spoken &amp; Audio" LastUpdated="2011-09-02T20:48:24.39-07:00" />
  <MusicGenre GenreId="15" Genre="Top 40" LastUpdated="2011-09-02T20:48:24.39-07:00" />
  <MusicGenre GenreId="16" Genre="Rock &amp; Roll" LastUpdated="2011-09-02T20:48:24.39-07:00" />
  <MusicGenre GenreId="17" Genre="Jazz" LastUpdated="2011-09-02T20:48:24.39-07:00" />
  <MusicGenre GenreId="18" Genre="Punk" LastUpdated="2011-09-02T20:48:24.39-07:00" />
  <MusicGenre GenreId="19" Genre="Reggae" LastUpdated="2011-09-02T20:48:24.39-07:00" />
  <MusicGenre GenreId="20" Genre="Rock/Pop" LastUpdated="2011-09-02T20:48:24.39-07:00" />
  <MusicGenre GenreId="21" Genre="R&amp;B/Soul" LastUpdated="2011-09-02T20:48:24.39-07:00" />
  <MusicGenre GenreId="22" Genre="Easy Listening" LastUpdated="2011-09-02T20:48:24.39-07:00" />
  <MusicGenre GenreId="23" Genre="Old Time Radio" LastUpdated="2011-09-02T20:48:24.39-07:00" />
  <MusicGenre GenreId="24" Genre="Vocal" LastUpdated="2011-09-02T20:48:24.39-07:00" />
  <MusicGenre GenreId="25" Genre="New Wave" LastUpdated="2011-09-02T20:48:24.39-07:00" />
  <MusicGenre GenreId="26" Genre="Soft Rock" LastUpdated="2011-09-02T20:48:24.39-07:00" />
  <MusicGenre GenreId="27" Genre="Alternative &amp; Punk" LastUpdated="2011-09-02T20:48:24.39-07:00" />
  <MusicGenre GenreId="28" Genre="Christian &amp; Gospel" LastUpdated="2011-09-02T20:48:24.39-07:00" />
  <MusicGenre GenreId="29" Genre="Classic Rock" LastUpdated="2011-09-02T20:48:24.39-07:00" />
  <MusicGenre GenreId="30" Genre="Pop" LastUpdated="2011-09-02T20:48:24.39-07:00" />
  <MusicGenre GenreId="31" Genre="Children’s Music" LastUpdated="2011-09-02T20:48:24.39-07:00" />
  <MusicGenre GenreId="32" Genre="Progressive Rock" LastUpdated="2011-09-02T20:48:24.39-07:00" />
  <MusicGenre GenreId="33" Genre="R&amp;B" LastUpdated="2011-09-02T20:48:24.39-07:00" />
  <MusicGenre GenreId="34" Genre="Hip Hop/Rap" LastUpdated="2011-09-02T20:48:24.39-07:00" />
  <MusicGenre GenreId="35" Genre="Country" LastUpdated="2011-09-02T20:48:24.39-07:00" />
  <MusicGenre GenreId="36" Genre="Folk" LastUpdated="2011-09-02T20:48:24.39-07:00" />
  <MusicGenre GenreId="37" Genre="Latino" LastUpdated="2011-09-02T20:48:24.39-07:00" />
  <MusicGenre GenreId="38" Genre="Hard Rock" LastUpdated="2011-09-02T20:48:24.39-07:00" />
  <MusicGenre GenreId="39" Genre="New Age" LastUpdated="2011-09-02T20:48:24.39-07:00" />
  <MusicGenre GenreId="40" Genre="Electronic" LastUpdated="2011-09-02T20:48:24.39-07:00" />
  <MusicGenre GenreId="41" Genre="Southern Rock" LastUpdated="2011-09-02T20:48:24.39-07:00" />
  <MusicGenre GenreId="42" Genre="Dance" LastUpdated="2011-09-02T20:48:24.39-07:00" />
  <MusicGenre GenreId="43" Genre="Alternative" LastUpdated="2011-09-02T20:48:24.39-07:00" />
</MusicGenres>