<?xml version="1.0" standalone="yes"?>
<MusicKinds>
  <MusicKind KindId="1" Kind="iTunes LP" LastUpdated="2011-09-06T11:28:31.82-07:00" />
  <MusicKind KindId="2" Kind="Protected AAC audio file" LastUpdated="2011-09-06T11:28:31.82-07:00" />
  <MusicKind KindId="3" Kind="MPEG audio file" LastUpdated="2011-09-06T11:28:31.82-07:00" />
  <MusicKind KindId="4" Kind="Purchased AAC audio file" LastUpdated="2011-09-06T11:28:31.82-07:00" />
  <MusicKind KindId="5" Kind="Purchased MPEG-4 video file" LastUpdated="2011-09-06T11:28:31.82-07:00" />
  <MusicKind KindId="6" Kind="Protected MPEG-4 video file" LastUpdated="2011-09-06T11:28:31.82-07:00" />
  <MusicKind KindId="7" Kind="PDF document" LastUpdated="2011-09-06T11:28:31.82-07:00" />
  <MusicKind KindId="8" Kind="AAC audio file" LastUpdated="2011-09-06T11:28:31.82-07:00" />
</MusicKinds>