[
  {
    "productID": 680,
    "name": "HL Road Frame - Black, 58",
    "productNumber": "FR-R92B-58",
    "color": "Black",
    "standardCost": 1059.3100,
    "listPrice": 1431.5000,
    "size": "58",
    "weight": 1016.04,
    "sellStartDate": "2014-06-01T00:00:00"
  },
  {
    "productID": 706,
    "name": "HL Road Frame - Red, 58",
    "productNumber": "FR-R92R-58",
    "color": "Red",
    "standardCost": 1059.3100,
    "listPrice": 1431.5000,
    "size": "58",
    "weight": 1016.04,
    "sellStartDate": "2014-06-01T00:00:00"
  },
  {
    "productID": 707,
    "name": "Sport-100 Helmet, Red",
    "productNumber": "HL-U509-R",
    "color": "Red",
    "standardCost": 13.0863,
    "listPrice": 34.9900,
    "size": "",
    "weight": null,
    "sellStartDate": "2017-07-01T00:00:00"
  },
  {
    "productID": 708,
    "name": "Sport-100 Helmet, Black",
    "productNumber": "HL-U509",
    "color": "Black",
    "standardCost": 13.0863,
    "listPrice": 34.9900,
    "size": "",
    "weight": null,
    "sellStartDate": "2017-07-01T00:00:00"
  },
  {
    "productID": 709,
    "name": "Mountain Bike Socks, M",
    "productNumber": "SO-B909-M",
    "color": "White",
    "standardCost": 3.3963,
    "listPrice": 9.5000,
    "size": "M",
    "weight": null,
    "sellStartDate": "2017-07-01T00:00:00"
  },
  {
    "productID": 710,
    "name": "Mountain Bike Socks, L",
    "productNumber": "SO-B909-L",
    "color": "White",
    "standardCost": 3.3963,
    "listPrice": 9.5000,
    "size": "L",
    "weight": null,
    "sellStartDate": "2017-07-01T00:00:00"
  },
  {
    "productID": 711,
    "name": "Sport-100 Helmet, Blue",
    "productNumber": "HL-U509-B",
    "color": "Blue",
    "standardCost": 13.0863,
    "listPrice": 34.9900,
    "size": "",
    "weight": null,
    "sellStartDate": "2017-07-01T00:00:00"
  },
  {
    "productID": 712,
    "name": "AWC Logo Cap",
    "productNumber": "CA-1098",
    "color": "Multi",
    "standardCost": 6.9223,
    "listPrice": 8.9900,
    "size": "",
    "weight": null,
    "sellStartDate": "2017-07-01T00:00:00"
  },
  {
    "productID": 713,
    "name": "Long-Sleeve Logo Jersey, S",
    "productNumber": "LJ-0192-S",
    "color": "Multi",
    "standardCost": 38.4923,
    "listPrice": 49.9900,
    "size": "S",
    "weight": null,
    "sellStartDate": "2017-07-01T00:00:00"
  },
  {
    "productID": 714,
    "name": "Long-Sleeve Logo Jersey, M",
    "productNumber": "LJ-0192-M",
    "color": "Multi",
    "standardCost": 38.4923,
    "listPrice": 49.9900,
    "size": "M",
    "weight": null,
    "sellStartDate": "2017-07-01T00:00:00"
  },
  {
    "productID": 715,
    "name": "Long-Sleeve Logo Jersey, L",
    "productNumber": "LJ-0192-L",
    "color": "Multi",
    "standardCost": 38.4923,
    "listPrice": 49.9900,
    "size": "L",
    "weight": null,
    "sellStartDate": "2017-07-01T00:00:00"
  },
  {
    "productID": 716,
    "name": "Long-Sleeve Logo Jersey, XL",
    "productNumber": "LJ-0192-X",
    "color": "Multi",
    "standardCost": 38.4923,
    "listPrice": 49.9900,
    "size": "XL",
    "weight": null,
    "sellStartDate": "2017-07-01T00:00:00"
  },
  {
    "productID": 717,
    "name": "HL Road Frame - Red, 62",
    "productNumber": "FR-R92R-62",
    "color": "Red",
    "standardCost": 868.6342,
    "listPrice": 1431.5000,
    "size": "62",
    "weight": 1043.26,
    "sellStartDate": "2017-07-01T00:00:00"
  },
  {
    "productID": 718,
    "name": "HL Road Frame - Red, 44",
    "productNumber": "FR-R92R-44",
    "color": "Red",
    "standardCost": 868.6342,
    "listPrice": 1431.5000,
    "size": "44",
    "weight": 961.61,
    "sellStartDate": "2017-07-01T00:00:00"
  },
  {
    "productID": 719,
    "name": "HL Road Frame - Red, 48",
    "productNumber": "FR-R92R-48",
    "color": "Red",
    "standardCost": 868.6342,
    "listPrice": 1431.5000,
    "size": "48",
    "weight": 979.75,
    "sellStartDate": "2017-07-01T00:00:00"
  },
  {
    "productID": 720,
    "name": "HL Road Frame - Red, 52",
    "productNumber": "FR-R92R-52",
    "color": "Red",
    "standardCost": 868.6342,
    "listPrice": 1431.5000,
    "size": "52",
    "weight": 997.90,
    "sellStartDate": "2017-07-01T00:00:00"
  },
  {
    "productID": 721,
    "name": "HL Road Frame - Red, 56",
    "productNumber": "FR-R92R-56",
    "color": "Red",
    "standardCost": 868.6342,
    "listPrice": 1431.5000,
    "size": "56",
    "weight": 1016.04,
    "sellStartDate": "2017-07-01T00:00:00"
  },
  {
    "productID": 722,
    "name": "LL Road Frame - Black, 58",
    "productNumber": "FR-R38B-58",
    "color": "Black",
    "standardCost": 204.6251,
    "listPrice": 337.2200,
    "size": "58",
    "weight": 1115.83,
    "sellStartDate": "2017-07-01T00:00:00"
  },
  {
    "productID": 723,
    "name": "LL Road Frame - Black, 60",
    "productNumber": "FR-R38B-60",
    "color": "Black",
    "standardCost": 204.6251,
    "listPrice": 337.2200,
    "size": "60",
    "weight": 1124.90,
    "sellStartDate": "2017-07-01T00:00:00"
  },
  {
    "productID": 724,
    "name": "LL Road Frame - Black, 62",
    "productNumber": "FR-R38B-62",
    "color": "Black",
    "standardCost": 204.6251,
    "listPrice": 337.2200,
    "size": "62",
    "weight": 1133.98,
    "sellStartDate": "2017-07-01T00:00:00"
  },
  {
    "productID": 725,
    "name": "LL Road Frame - Red, 44",
    "productNumber": "FR-R38R-44",
    "color": "Red",
    "standardCost": 187.1571,
    "listPrice": 337.2200,
    "size": "44",
    "weight": 1052.33,
    "sellStartDate": "2017-07-01T00:00:00"
  },
  {
    "productID": 726,
    "name": "LL Road Frame - Red, 48",
    "productNumber": "FR-R38R-48",
    "color": "Red",
    "standardCost": 187.1571,
    "listPrice": 337.2200,
    "size": "48",
    "weight": 1070.47,
    "sellStartDate": "2017-07-01T00:00:00"
  },
  {
    "productID": 727,
    "name": "LL Road Frame - Red, 52",
    "productNumber": "FR-R38R-52",
    "color": "Red",
    "standardCost": 187.1571,
    "listPrice": 337.2200,
    "size": "52",
    "weight": 1088.62,
    "sellStartDate": "2017-07-01T00:00:00"
  },
  {
    "productID": 728,
    "name": "LL Road Frame - Red, 58",
    "productNumber": "FR-R38R-58",
    "color": "Red",
    "standardCost": 187.1571,
    "listPrice": 337.2200,
    "size": "58",
    "weight": 1115.83,
    "sellStartDate": "2017-07-01T00:00:00"
  },
  {
    "productID": 729,
    "name": "LL Road Frame - Red, 60",
    "productNumber": "FR-R38R-60",
    "color": "Red",
    "standardCost": 187.1571,
    "listPrice": 337.2200,
    "size": "60",
    "weight": 1124.90,
    "sellStartDate": "2017-07-01T00:00:00"
  },
  {
    "productID": 730,
    "name": "LL Road Frame - Red, 62",
    "productNumber": "FR-R38R-62",
    "color": "Red",
    "standardCost": 187.1571,
    "listPrice": 337.2200,
    "size": "62",
    "weight": 1133.98,
    "sellStartDate": "2017-07-01T00:00:00"
  },
  {
    "productID": 731,
    "name": "ML Road Frame - Red, 44",
    "productNumber": "FR-R72R-44",
    "color": "Red",
    "standardCost": 352.1394,
    "listPrice": 594.8300,
    "size": "44",
    "weight": 1006.97,
    "sellStartDate": "2017-07-01T00:00:00"
  },
  {
    "productID": 732,
    "name": "ML Road Frame - Red, 48",
    "productNumber": "FR-R72R-48",
    "color": "Red",
    "standardCost": 352.1394,
    "listPrice": 594.8300,
    "size": "48",
    "weight": 1025.11,
    "sellStartDate": "2017-07-01T00:00:00"
  },
  {
    "productID": 733,
    "name": "ML Road Frame - Red, 52",
    "productNumber": "FR-R72R-52",
    "color": "Red",
    "standardCost": 352.1394,
    "listPrice": 594.8300,
    "size": "52",
    "weight": 1043.26,
    "sellStartDate": "2017-07-01T00:00:00"
  },
  {
    "productID": 734,
    "name": "ML Road Frame - Red, 58",
    "productNumber": "FR-R72R-58",
    "color": "Red",
    "standardCost": 352.1394,
    "listPrice": 594.8300,
    "size": "58",
    "weight": 1070.47,
    "sellStartDate": "2017-07-01T00:00:00"
  },
  {
    "productID": 735,
    "name": "ML Road Frame - Red, 60",
    "productNumber": "FR-R72R-60",
    "color": "Red",
    "standardCost": 352.1394,
    "listPrice": 594.8300,
    "size": "60",
    "weight": 1079.54,
    "sellStartDate": "2017-07-01T00:00:00"
  },
  {
    "productID": 736,
    "name": "LL Road Frame - Black, 44",
    "productNumber": "FR-R38B-44",
    "color": "Black",
    "standardCost": 204.6251,
    "listPrice": 337.2200,
    "size": "44",
    "weight": 1052.33,
    "sellStartDate": "2017-07-01T00:00:00"
  },
  {
    "productID": 737,
    "name": "LL Road Frame - Black, 48",
    "productNumber": "FR-R38B-48",
    "color": "Black",
    "standardCost": 204.6251,
    "listPrice": 337.2200,
    "size": "48",
    "weight": 1070.47,
    "sellStartDate": "2017-07-01T00:00:00"
  },
  {
    "productID": 738,
    "name": "LL Road Frame - Black, 52",
    "productNumber": "FR-R38B-52",
    "color": "Black",
    "standardCost": 204.6251,
    "listPrice": 337.2200,
    "size": "52",
    "weight": 1088.62,
    "sellStartDate": "2017-07-01T00:00:00"
  },
  {
    "productID": 739,
    "name": "HL Mountain Frame - Silver, 42",
    "productNumber": "FR-M94S-42",
    "color": "Silver",
    "standardCost": 747.2002,
    "listPrice": 1364.5000,
    "size": "42",
    "weight": 1233.76,
    "sellStartDate": "2017-07-01T00:00:00"
  },
  {
    "productID": 740,
    "name": "HL Mountain Frame - Silver, 44",
    "productNumber": "FR-M94S-44",
    "color": "Silver",
    "standardCost": 706.8110,
    "listPrice": 1364.5000,
    "size": "44",
    "weight": 1251.91,
    "sellStartDate": "2017-07-01T00:00:00"
  },
  {
    "productID": 741,
    "name": "HL Mountain Frame - Silver, 48",
    "productNumber": "FR-M94S-52",
    "color": "Silver",
    "standardCost": 706.8110,
    "listPrice": 1364.5000,
    "size": "48",
    "weight": 1270.05,
    "sellStartDate": "2017-07-01T00:00:00"
  },
  {
    "productID": 742,
    "name": "HL Mountain Frame - Silver, 46",
    "productNumber": "FR-M94S-46",
    "color": "Silver",
    "standardCost": 747.2002,
    "listPrice": 1364.5000,
    "size": "46",
    "weight": 1288.20,
    "sellStartDate": "2017-07-01T00:00:00"
  },
  {
    "productID": 743,
    "name": "HL Mountain Frame - Black, 42",
    "productNumber": "FR-M94B-42",
    "color": "Black",
    "standardCost": 739.0410,
    "listPrice": 1349.6000,
    "size": "42",
    "weight": 1233.76,
    "sellStartDate": "2017-07-01T00:00:00"
  },
  {
    "productID": 744,
    "name": "HL Mountain Frame - Black, 44",
    "productNumber": "FR-M94B-44",
    "color": "Black",
    "standardCost": 699.0928,
    "listPrice": 1349.6000,
    "size": "44",
    "weight": 1251.91,
    "sellStartDate": "2017-07-01T00:00:00"
  },
  {
    "productID": 745,
    "name": "HL Mountain Frame - Black, 48",
    "productNumber": "FR-M94B-48",
    "color": "Black",
    "standardCost": 699.0928,
    "listPrice": 1349.6000,
    "size": "48",
    "weight": 1270.05,
    "sellStartDate": "2017-07-01T00:00:00"
  },
  {
    "productID": 746,
    "name": "HL Mountain Frame - Black, 46",
    "productNumber": "FR-M94B-46",
    "color": "Black",
    "standardCost": 739.0410,
    "listPrice": 1349.6000,
    "size": "46",
    "weight": 1288.20,
    "sellStartDate": "2017-07-01T00:00:00"
  },
  {
    "productID": 747,
    "name": "HL Mountain Frame - Black, 38",
    "productNumber": "FR-M94B-38",
    "color": "Black",
    "standardCost": 739.0410,
    "listPrice": 1349.6000,
    "size": "38",
    "weight": 1215.62,
    "sellStartDate": "2017-07-01T00:00:00"
  },
  {
    "productID": 748,
    "name": "HL Mountain Frame - Silver, 38",
    "productNumber": "FR-M94S-38",
    "color": "Silver",
    "standardCost": 747.2002,
    "listPrice": 1364.5000,
    "size": "38",
    "weight": 1215.62,
    "sellStartDate": "2017-07-01T00:00:00"
  },
  {
    "productID": 749,
    "name": "Road-150 Red, 62",
    "productNumber": "BK-R93R-62",
    "color": "Red",
    "standardCost": 2171.2942,
    "listPrice": 3578.2700,
    "size": "62",
    "weight": 6803.85,
    "sellStartDate": "2017-07-01T00:00:00"
  },
  {
    "productID": 750,
    "name": "Road-150 Red, 44",
    "productNumber": "BK-R93R-44",
    "color": "Red",
    "standardCost": 2171.2942,
    "listPrice": 3578.2700,
    "size": "44",
    "weight": 6245.93,
    "sellStartDate": "2017-07-01T00:00:00"
  },
  {
    "productID": 751,
    "name": "Road-150 Red, 48",
    "productNumber": "BK-R93R-48",
    "color": "Red",
    "standardCost": 2171.2942,
    "listPrice": 3578.2700,
    "size": "48",
    "weight": 6409.23,
    "sellStartDate": "2017-07-01T00:00:00"
  },
  {
    "productID": 752,
    "name": "Road-150 Red, 52",
    "productNumber": "BK-R93R-52",
    "color": "Red",
    "standardCost": 2171.2942,
    "listPrice": 3578.2700,
    "size": "52",
    "weight": 6540.77,
    "sellStartDate": "2017-07-01T00:00:00"
  },
  {
    "productID": 753,
    "name": "Road-150 Red, 56",
    "productNumber": "BK-R93R-56",
    "color": "Red",
    "standardCost": 2171.2942,
    "listPrice": 3578.2700,
    "size": "56",
    "weight": 6658.70,
    "sellStartDate": "2017-07-01T00:00:00"
  },
  {
    "productID": 754,
    "name": "Road-450 Red, 58",
    "productNumber": "BK-R68R-58",
    "color": "Red",
    "standardCost": 884.7083,
    "listPrice": 1457.9900,
    "size": "58",
    "weight": 8069.37,
    "sellStartDate": "2017-07-01T00:00:00"
  },
  {
    "productID": 755,
    "name": "Road-450 Red, 60",
    "productNumber": "BK-R68R-60",
    "color": "Red",
    "standardCost": 884.7083,
    "listPrice": 1457.9900,
    "size": "60",
    "weight": 8119.26,
    "sellStartDate": "2017-07-01T00:00:00"
  },
  {
    "productID": 756,
    "name": "Road-450 Red, 44",
    "productNumber": "BK-R68R-44",
    "color": "Red",
    "standardCost": 884.7083,
    "listPrice": 1457.9900,
    "size": "44",
    "weight": 7606.70,
    "sellStartDate": "2017-07-01T00:00:00"
  },
  {
    "productID": 757,
    "name": "Road-450 Red, 48",
    "productNumber": "BK-R68R-48",
    "color": "Red",
    "standardCost": 884.7083,
    "listPrice": 1457.9900,
    "size": "48",
    "weight": 7770.00,
    "sellStartDate": "2017-07-01T00:00:00"
  },
  {
    "productID": 758,
    "name": "Road-450 Red, 52",
    "productNumber": "BK-R68R-52",
    "color": "Red",
    "standardCost": 884.7083,
    "listPrice": 1457.9900,
    "size": "52",
    "weight": 7901.54,
    "sellStartDate": "2017-07-01T00:00:00"
  },
  {
    "productID": 759,
    "name": "Road-650 Red, 58",
    "productNumber": "BK-R50R-58",
    "color": "Red",
    "standardCost": 486.7066,
    "listPrice": 782.9900,
    "size": "58",
    "weight": 8976.55,
    "sellStartDate": "2017-07-01T00:00:00"
  },
  {
    "productID": 760,
    "name": "Road-650 Red, 60",
    "productNumber": "BK-R50R-60",
    "color": "Red",
    "standardCost": 486.7066,
    "listPrice": 782.9900,
    "size": "60",
    "weight": 9026.44,
    "sellStartDate": "2017-07-01T00:00:00"
  },
  {
    "productID": 761,
    "name": "Road-650 Red, 62",
    "productNumber": "BK-R50R-62",
    "color": "Red",
    "standardCost": 486.7066,
    "listPrice": 782.9900,
    "size": "62",
    "weight": 9071.80,
    "sellStartDate": "2017-07-01T00:00:00"
  },
  {
    "productID": 762,
    "name": "Road-650 Red, 44",
    "productNumber": "BK-R50R-44",
    "color": "Red",
    "standardCost": 486.7066,
    "listPrice": 782.9900,
    "size": "44",
    "weight": 8513.88,
    "sellStartDate": "2017-07-01T00:00:00"
  },
  {
    "productID": 763,
    "name": "Road-650 Red, 48",
    "productNumber": "BK-R50R-48",
    "color": "Red",
    "standardCost": 486.7066,
    "listPrice": 782.9900,
    "size": "48",
    "weight": 8677.18,
    "sellStartDate": "2017-07-01T00:00:00"
  },
  {
    "productID": 764,
    "name": "Road-650 Red, 52",
    "productNumber": "BK-R50R-52",
    "color": "Red",
    "standardCost": 486.7066,
    "listPrice": 782.9900,
    "size": "52",
    "weight": 8808.72,
    "sellStartDate": "2017-07-01T00:00:00"
  },
  {
    "productID": 765,
    "name": "Road-650 Black, 58",
    "productNumber": "BK-R50B-58",
    "color": "Black",
    "standardCost": 486.7066,
    "listPrice": 782.9900,
    "size": "58",
    "weight": 8976.55,
    "sellStartDate": "2017-07-01T00:00:00"
  },
  {
    "productID": 766,
    "name": "Road-650 Black, 60",
    "productNumber": "BK-R50B-60",
    "color": "Black",
    "standardCost": 486.7066,
    "listPrice": 782.9900,
    "size": "60",
    "weight": 9026.44,
    "sellStartDate": "2017-07-01T00:00:00"
  },
  {
    "productID": 767,
    "name": "Road-650 Black, 62",
    "productNumber": "BK-R50B-62",
    "color": "Black",
    "standardCost": 486.7066,
    "listPrice": 782.9900,
    "size": "62",
    "weight": 9071.80,
    "sellStartDate": "2017-07-01T00:00:00"
  },
  {
    "productID": 768,
    "name": "Road-650 Black, 44",
    "productNumber": "BK-R50B-44",
    "color": "Black",
    "standardCost": 486.7066,
    "listPrice": 782.9900,
    "size": "44",
    "weight": 8513.88,
    "sellStartDate": "2017-07-01T00:00:00"
  },
  {
    "productID": 769,
    "name": "Road-650 Black, 48",
    "productNumber": "BK-R50B-48",
    "color": "Black",
    "standardCost": 486.7066,
    "listPrice": 782.9900,
    "size": "48",
    "weight": 8677.18,
    "sellStartDate": "2017-07-01T00:00:00"
  },
  {
    "productID": 770,
    "name": "Road-650 Black, 52",
    "productNumber": "BK-R50B-52",
    "color": "Black",
    "standardCost": 486.7066,
    "listPrice": 782.9900,
    "size": "52",
    "weight": 8808.72,
    "sellStartDate": "2017-07-01T00:00:00"
  },
  {
    "productID": 771,
    "name": "Mountain-100 Silver, 38",
    "productNumber": "BK-M82S-38",
    "color": "Silver",
    "standardCost": 1912.1544,
    "listPrice": 3399.9900,
    "size": "38",
    "weight": 9230.56,
    "sellStartDate": "2017-07-01T00:00:00"
  },
  {
    "productID": 772,
    "name": "Mountain-100 Silver, 42",
    "productNumber": "BK-M82S-42",
    "color": "Silver",
    "standardCost": 1912.1544,
    "listPrice": 3399.9900,
    "size": "42",
    "weight": 9421.06,
    "sellStartDate": "2017-07-01T00:00:00"
  },
  {
    "productID": 773,
    "name": "Mountain-100 Silver, 44",
    "productNumber": "BK-M82S-44",
    "color": "Silver",
    "standardCost": 1912.1544,
    "listPrice": 3399.9900,
    "size": "44",
    "weight": 9584.36,
    "sellStartDate": "2017-07-01T00:00:00"
  },
  {
    "productID": 774,
    "name": "Mountain-100 Silver, 48",
    "productNumber": "BK-M82S-48",
    "color": "Silver",
    "standardCost": 1912.1544,
    "listPrice": 3399.9900,
    "size": "48",
    "weight": 9715.90,
    "sellStartDate": "2017-07-01T00:00:00"
  },
  {
    "productID": 775,
    "name": "Mountain-100 Black, 38",
    "productNumber": "BK-M82B-38",
    "color": "Black",
    "standardCost": 1898.0944,
    "listPrice": 3374.9900,
    "size": "38",
    "weight": 9230.56,
    "sellStartDate": "2017-07-01T00:00:00"
  },
  {
    "productID": 776,
    "name": "Mountain-100 Black, 42",
    "productNumber": "BK-M82B-42",
    "color": "Black",
    "standardCost": 1898.0944,
    "listPrice": 3374.9900,
    "size": "42",
    "weight": 9421.06,
    "sellStartDate": "2017-07-01T00:00:00"
  },
  {
    "productID": 777,
    "name": "Mountain-100 Black, 44",
    "productNumber": "BK-M82B-44",
    "color": "Black",
    "standardCost": 1898.0944,
    "listPrice": 3374.9900,
    "size": "44",
    "weight": 9584.36,
    "sellStartDate": "2017-07-01T00:00:00"
  },
  {
    "productID": 778,
    "name": "Mountain-100 Black, 48",
    "productNumber": "BK-M82B-48",
    "color": "Black",
    "standardCost": 1898.0944,
    "listPrice": 3374.9900,
    "size": "48",
    "weight": 9715.90,
    "sellStartDate": "2017-07-01T00:00:00"
  },
  {
    "productID": 779,
    "name": "Mountain-200 Silver, 38",
    "productNumber": "BK-M68S-38",
    "color": "Silver",
    "standardCost": 1265.6195,
    "listPrice": 2319.9900,
    "size": "38",
    "weight": 10591.33,
    "sellStartDate": "2018-07-01T00:00:00"
  },
  {
    "productID": 780,
    "name": "Mountain-200 Silver, 42",
    "productNumber": "BK-M68S-42",
    "color": "Silver",
    "standardCost": 1265.6195,
    "listPrice": 2319.9900,
    "size": "42",
    "weight": 10781.83,
    "sellStartDate": "2018-07-01T00:00:00"
  },
  {
    "productID": 781,
    "name": "Mountain-200 Silver, 46",
    "productNumber": "BK-M68S-46",
    "color": "Silver",
    "standardCost": 1265.6195,
    "listPrice": 2319.9900,
    "size": "46",
    "weight": 10945.13,
    "sellStartDate": "2018-07-01T00:00:00"
  },
  {
    "productID": 782,
    "name": "Mountain-200 Black, 38",
    "productNumber": "BK-M68B-38",
    "color": "Black",
    "standardCost": 1251.9813,
    "listPrice": 2294.9900,
    "size": "38",
    "weight": 10591.33,
    "sellStartDate": "2018-07-01T00:00:00"
  },
  {
    "productID": 783,
    "name": "Mountain-200 Black, 42",
    "productNumber": "BK-M68B-42",
    "color": "Black",
    "standardCost": 1251.9813,
    "listPrice": 2294.9900,
    "size": "42",
    "weight": 10781.83,
    "sellStartDate": "2018-07-01T00:00:00"
  },
  {
    "productID": 784,
    "name": "Mountain-200 Black, 46",
    "productNumber": "BK-M68B-46",
    "color": "Black",
    "standardCost": 1251.9813,
    "listPrice": 2294.9900,
    "size": "46",
    "weight": 10945.13,
    "sellStartDate": "2018-07-01T00:00:00"
  },
  {
    "productID": 785,
    "name": "Mountain-300 Black, 38",
    "productNumber": "BK-M47B-38",
    "color": "Black",
    "standardCost": 598.4354,
    "listPrice": 1079.9900,
    "size": "38",
    "weight": 11498.51,
    "sellStartDate": "2018-07-01T00:00:00"
  },
  {
    "productID": 786,
    "name": "Mountain-300 Black, 40",
    "productNumber": "BK-M47B-40",
    "color": "Black",
    "standardCost": 598.4354,
    "listPrice": 1079.9900,
    "size": "40",
    "weight": 11689.01,
    "sellStartDate": "2018-07-01T00:00:00"
  },
  {
    "productID": 787,
    "name": "Mountain-300 Black, 44",
    "productNumber": "BK-M47B-44",
    "color": "Black",
    "standardCost": 598.4354,
    "listPrice": 1079.9900,
    "size": "44",
    "weight": 11852.31,
    "sellStartDate": "2018-07-01T00:00:00"
  },
  {
    "productID": 788,
    "name": "Mountain-300 Black, 48",
    "productNumber": "BK-M47B-48",
    "color": "Black",
    "standardCost": 598.4354,
    "listPrice": 1079.9900,
    "size": "48",
    "weight": 11983.85,
    "sellStartDate": "2018-07-01T00:00:00"
  },
  {
    "productID": 789,
    "name": "Road-250 Red, 44",
    "productNumber": "BK-R89R-44",
    "color": "Red",
    "standardCost": 1518.7864,
    "listPrice": 2443.3500,
    "size": "44",
    "weight": 6699.52,
    "sellStartDate": "2018-07-01T00:00:00"
  },
  {
    "productID": 790,
    "name": "Road-250 Red, 48",
    "productNumber": "BK-R89R-48",
    "color": "Red",
    "standardCost": 1518.7864,
    "listPrice": 2443.3500,
    "size": "48",
    "weight": 6862.82,
    "sellStartDate": "2018-07-01T00:00:00"
  },
  {
    "productID": 791,
    "name": "Road-250 Red, 52",
    "productNumber": "BK-R89R-52",
    "color": "Red",
    "standardCost": 1518.7864,
    "listPrice": 2443.3500,
    "size": "52",
    "weight": 6994.36,
    "sellStartDate": "2018-07-01T00:00:00"
  },
  {
    "productID": 792,
    "name": "Road-250 Red, 58",
    "productNumber": "BK-R89R-58",
    "color": "Red",
    "standardCost": 1554.9479,
    "listPrice": 2443.3500,
    "size": "58",
    "weight": 7162.19,
    "sellStartDate": "2018-07-01T00:00:00"
  },
  {
    "productID": 793,
    "name": "Road-250 Black, 44",
    "productNumber": "BK-R89B-44",
    "color": "Black",
    "standardCost": 1554.9479,
    "listPrice": 2443.3500,
    "size": "44",
    "weight": 6699.52,
    "sellStartDate": "2018-07-01T00:00:00"
  },
  {
    "productID": 794,
    "name": "Road-250 Black, 48",
    "productNumber": "BK-R89B-48",
    "color": "Black",
    "standardCost": 1554.9479,
    "listPrice": 2443.3500,
    "size": "48",
    "weight": 6862.82,
    "sellStartDate": "2018-07-01T00:00:00"
  },
  {
    "productID": 795,
    "name": "Road-250 Black, 52",
    "productNumber": "BK-R89B-52",
    "color": "Black",
    "standardCost": 1554.9479,
    "listPrice": 2443.3500,
    "size": "52",
    "weight": 6994.36,
    "sellStartDate": "2018-07-01T00:00:00"
  },
  {
    "productID": 796,
    "name": "Road-250 Black, 58",
    "productNumber": "BK-R89B-58",
    "color": "Black",
    "standardCost": 1554.9479,
    "listPrice": 2443.3500,
    "size": "58",
    "weight": 7112.29,
    "sellStartDate": "2018-07-01T00:00:00"
  },
  {
    "productID": 797,
    "name": "Road-550-W Yellow, 38",
    "productNumber": "BK-R64Y-38",
    "color": "Yellow",
    "standardCost": 713.0798,
    "listPrice": 1120.4900,
    "size": "38",
    "weight": 7869.79,
    "sellStartDate": "2018-07-01T00:00:00"
  },
  {
    "productID": 798,
    "name": "Road-550-W Yellow, 40",
    "productNumber": "BK-R64Y-40",
    "color": "Yellow",
    "standardCost": 713.0798,
    "listPrice": 1120.4900,
    "size": "40",
    "weight": 8060.29,
    "sellStartDate": "2018-07-01T00:00:00"
  },
  {
    "productID": 799,
    "name": "Road-550-W Yellow, 42",
    "productNumber": "BK-R64Y-42",
    "color": "Yellow",
    "standardCost": 713.0798,
    "listPrice": 1120.4900,
    "size": "42",
    "weight": 8223.59,
    "sellStartDate": "2018-07-01T00:00:00"
  },
  {
    "productID": 800,
    "name": "Road-550-W Yellow, 44",
    "productNumber": "BK-R64Y-44",
    "color": "Yellow",
    "standardCost": 713.0798,
    "listPrice": 1120.4900,
    "size": "44",
    "weight": 8355.13,
    "sellStartDate": "2018-07-01T00:00:00"
  },
  {
    "productID": 801,
    "name": "Road-550-W Yellow, 48",
    "productNumber": "BK-R64Y-48",
    "color": "Yellow",
    "standardCost": 713.0798,
    "listPrice": 1120.4900,
    "size": "48",
    "weight": 8473.06,
    "sellStartDate": "2018-07-01T00:00:00"
  },
  {
    "productID": 802,
    "name": "LL Fork",
    "productNumber": "FK-1639",
    "color": "",
    "standardCost": 65.8097,
    "listPrice": 148.2200,
    "size": "",
    "weight": null,
    "sellStartDate": "2018-07-01T00:00:00"
  },
  {
    "productID": 803,
    "name": "ML Fork",
    "productNumber": "FK-5136",
    "color": "",
    "standardCost": 77.9176,
    "listPrice": 175.4900,
    "size": "",
    "weight": null,
    "sellStartDate": "2018-07-01T00:00:00"
  },
  {
    "productID": 804,
    "name": "HL Fork",
    "productNumber": "FK-9939",
    "color": "",
    "standardCost": 101.8936,
    "listPrice": 229.4900,
    "size": "",
    "weight": null,
    "sellStartDate": "2018-07-01T00:00:00"
  },
  {
    "productID": 805,
    "name": "LL Headset",
    "productNumber": "HS-0296",
    "color": "",
    "standardCost": 15.1848,
    "listPrice": 34.2000,
    "size": "",
    "weight": null,
    "sellStartDate": "2018-07-01T00:00:00"
  },
  {
    "productID": 806,
    "name": "ML Headset",
    "productNumber": "HS-2451",
    "color": "",
    "standardCost": 45.4168,
    "listPrice": 102.2900,
    "size": "",
    "weight": null,
    "sellStartDate": "2018-07-01T00:00:00"
  },
  {
    "productID": 807,
    "name": "HL Headset",
    "productNumber": "HS-3479",
    "color": "",
    "standardCost": 55.3801,
    "listPrice": 124.7300,
    "size": "",
    "weight": null,
    "sellStartDate": "2018-07-01T00:00:00"
  },
  {
    "productID": 808,
    "name": "LL Mountain Handlebars",
    "productNumber": "HB-M243",
    "color": "",
    "standardCost": 19.7758,
    "listPrice": 44.5400,
    "size": "",
    "weight": null,
    "sellStartDate": "2018-07-01T00:00:00"
  },
  {
    "productID": 809,
    "name": "ML Mountain Handlebars",
    "productNumber": "HB-M763",
    "color": "",
    "standardCost": 27.4925,
    "listPrice": 61.9200,
    "size": "",
    "weight": null,
    "sellStartDate": "2018-07-01T00:00:00"
  },
  {
    "productID": 810,
    "name": "HL Mountain Handlebars",
    "productNumber": "HB-M918",
    "color": "",
    "standardCost": 53.3999,
    "listPrice": 120.2700,
    "size": "",
    "weight": null,
    "sellStartDate": "2018-07-01T00:00:00"
  },
  {
    "productID": 811,
    "name": "LL Road Handlebars",
    "productNumber": "HB-R504",
    "color": "",
    "standardCost": 19.7758,
    "listPrice": 44.5400,
    "size": "",
    "weight": null,
    "sellStartDate": "2018-07-01T00:00:00"
  },
  {
    "productID": 812,
    "name": "ML Road Handlebars",
    "productNumber": "HB-R720",
    "color": "",
    "standardCost": 27.4925,
    "listPrice": 61.9200,
    "size": "",
    "weight": null,
    "sellStartDate": "2018-07-01T00:00:00"
  },
  {
    "productID": 813,
    "name": "HL Road Handlebars",
    "productNumber": "HB-R956",
    "color": "",
    "standardCost": 53.3999,
    "listPrice": 120.2700,
    "size": "",
    "weight": null,
    "sellStartDate": "2018-07-01T00:00:00"
  },
  {
    "productID": 814,
    "name": "ML Mountain Frame - Black, 38",
    "productNumber": "FR-M63B-38",
    "color": "Black",
    "standardCost": 185.8193,
    "listPrice": 348.7600,
    "size": "38",
    "weight": 1238.30,
    "sellStartDate": "2018-07-01T00:00:00"
  },
  {
    "productID": 815,
    "name": "LL Mountain Front Wheel",
    "productNumber": "FW-M423",
    "color": "Black",
    "standardCost": 26.9708,
    "listPrice": 60.7450,
    "size": "",
    "weight": null,
    "sellStartDate": "2018-07-01T00:00:00"
  },
  {
    "productID": 816,
    "name": "ML Mountain Front Wheel",
    "productNumber": "FW-M762",
    "color": "Black",
    "standardCost": 92.8071,
    "listPrice": 209.0250,
    "size": "",
    "weight": null,
    "sellStartDate": "2018-07-01T00:00:00"
  },
  {
    "productID": 817,
    "name": "HL Mountain Front Wheel",
    "productNumber": "FW-M928",
    "color": "Black",
    "standardCost": 133.2955,
    "listPrice": 300.2150,
    "size": "",
    "weight": null,
    "sellStartDate": "2018-07-01T00:00:00"
  },
  {
    "productID": 818,
    "name": "LL Road Front Wheel",
    "productNumber": "FW-R623",
    "color": "Black",
    "standardCost": 37.9909,
    "listPrice": 85.5650,
    "size": "",
    "weight": 900.00,
    "sellStartDate": "2018-07-01T00:00:00"
  },
  {
    "productID": 819,
    "name": "ML Road Front Wheel",
    "productNumber": "FW-R762",
    "color": "Black",
    "standardCost": 110.2829,
    "listPrice": 248.3850,
    "size": "",
    "weight": 850.00,
    "sellStartDate": "2018-07-01T00:00:00"
  },
  {
    "productID": 820,
    "name": "HL Road Front Wheel",
    "productNumber": "FW-R820",
    "color": "Black",
    "standardCost": 146.5466,
    "listPrice": 330.0600,
    "size": "",
    "weight": 650.00,
    "sellStartDate": "2018-07-01T00:00:00"
  },
  {
    "productID": 821,
    "name": "Touring Front Wheel",
    "productNumber": "FW-T905",
    "color": "Black",
    "standardCost": 96.7964,
    "listPrice": 218.0100,
    "size": "",
    "weight": null,
    "sellStartDate": "2018-07-01T00:00:00"
  },
  {
    "productID": 822,
    "name": "ML Road Frame-W - Yellow, 38",
    "productNumber": "FR-R72Y-38",
    "color": "Yellow",
    "standardCost": 360.9428,
    "listPrice": 594.8300,
    "size": "38",
    "weight": 988.83,
    "sellStartDate": "2018-07-01T00:00:00"
  },
  {
    "productID": 823,
    "name": "LL Mountain Rear Wheel",
    "productNumber": "RW-M423",
    "color": "Black",
    "standardCost": 38.9588,
    "listPrice": 87.7450,
    "size": "",
    "weight": null,
    "sellStartDate": "2018-07-01T00:00:00"
  },
  {
    "productID": 824,
    "name": "ML Mountain Rear Wheel",
    "productNumber": "RW-M762",
    "color": "Black",
    "standardCost": 104.7951,
    "listPrice": 236.0250,
    "size": "",
    "weight": null,
    "sellStartDate": "2018-07-01T00:00:00"
  },
  {
    "productID": 825,
    "name": "HL Mountain Rear Wheel",
    "productNumber": "RW-M928",
    "color": "Black",
    "standardCost": 145.2835,
    "listPrice": 327.2150,
    "size": "",
    "weight": null,
    "sellStartDate": "2018-07-01T00:00:00"
  },
  {
    "productID": 826,
    "name": "LL Road Rear Wheel",
    "productNumber": "RW-R623",
    "color": "Black",
    "standardCost": 49.9789,
    "listPrice": 112.5650,
    "size": "",
    "weight": 1050.00,
    "sellStartDate": "2018-07-01T00:00:00"
  },
  {
    "productID": 827,
    "name": "ML Road Rear Wheel",
    "productNumber": "RW-R762",
    "color": "Black",
    "standardCost": 122.2709,
    "listPrice": 275.3850,
    "size": "",
    "weight": 1000.00,
    "sellStartDate": "2018-07-01T00:00:00"
  },
  {
    "productID": 828,
    "name": "HL Road Rear Wheel",
    "productNumber": "RW-R820",
    "color": "Black",
    "standardCost": 158.5346,
    "listPrice": 357.0600,
    "size": "",
    "weight": 890.00,
    "sellStartDate": "2018-07-01T00:00:00"
  },
  {
    "productID": 829,
    "name": "Touring Rear Wheel",
    "productNumber": "RW-T905",
    "color": "Black",
    "standardCost": 108.7844,
    "listPrice": 245.0100,
    "size": "",
    "weight": null,
    "sellStartDate": "2018-07-01T00:00:00"
  },
  {
    "productID": 830,
    "name": "ML Mountain Frame - Black, 40",
    "productNumber": "FR-M63B-40",
    "color": "Black",
    "standardCost": 185.8193,
    "listPrice": 348.7600,
    "size": "40",
    "weight": 1256.44,
    "sellStartDate": "2018-07-01T00:00:00"
  },
  {
    "productID": 831,
    "name": "ML Mountain Frame - Black, 44",
    "productNumber": "FR-M63B-44",
    "color": "Black",
    "standardCost": 185.8193,
    "listPrice": 348.7600,
    "size": "44",
    "weight": 1274.59,
    "sellStartDate": "2018-07-01T00:00:00"
  },
  {
    "productID": 832,
    "name": "ML Mountain Frame - Black, 48",
    "productNumber": "FR-M63B-48",
    "color": "Black",
    "standardCost": 185.8193,
    "listPrice": 348.7600,
    "size": "48",
    "weight": 1292.73,
    "sellStartDate": "2018-07-01T00:00:00"
  },
  {
    "productID": 833,
    "name": "ML Road Frame-W - Yellow, 40",
    "productNumber": "FR-R72Y-40",
    "color": "Yellow",
    "standardCost": 360.9428,
    "listPrice": 594.8300,
    "size": "40",
    "weight": 1006.97,
    "sellStartDate": "2018-07-01T00:00:00"
  },
  {
    "productID": 834,
    "name": "ML Road Frame-W - Yellow, 42",
    "productNumber": "FR-R72Y-42",
    "color": "Yellow",
    "standardCost": 360.9428,
    "listPrice": 594.8300,
    "size": "42",
    "weight": 1025.11,
    "sellStartDate": "2018-07-01T00:00:00"
  },
  {
    "productID": 835,
    "name": "ML Road Frame-W - Yellow, 44",
    "productNumber": "FR-R72Y-44",
    "color": "Yellow",
    "standardCost": 360.9428,
    "listPrice": 594.8300,
    "size": "44",
    "weight": 1043.26,
    "sellStartDate": "2018-07-01T00:00:00"
  },
  {
    "productID": 836,
    "name": "ML Road Frame-W - Yellow, 48",
    "productNumber": "FR-R72Y-48",
    "color": "Yellow",
    "standardCost": 360.9428,
    "listPrice": 594.8300,
    "size": "48",
    "weight": 1061.40,
    "sellStartDate": "2018-07-01T00:00:00"
  },
  {
    "productID": 837,
    "name": "HL Road Frame - Black, 62",
    "productNumber": "FR-R92B-62",
    "color": "Black",
    "standardCost": 868.6342,
    "listPrice": 1431.5000,
    "size": "62",
    "weight": 1043.26,
    "sellStartDate": "2018-07-01T00:00:00"
  },
  {
    "productID": 838,
    "name": "HL Road Frame - Black, 44",
    "productNumber": "FR-R92B-44",
    "color": "Black",
    "standardCost": 868.6342,
    "listPrice": 1431.5000,
    "size": "44",
    "weight": 961.61,
    "sellStartDate": "2018-07-01T00:00:00"
  },
  {
    "productID": 839,
    "name": "HL Road Frame - Black, 48",
    "productNumber": "FR-R92B-48",
    "color": "Black",
    "standardCost": 868.6342,
    "listPrice": 1431.5000,
    "size": "48",
    "weight": 979.75,
    "sellStartDate": "2018-07-01T00:00:00"
  },
  {
    "productID": 840,
    "name": "HL Road Frame - Black, 52",
    "productNumber": "FR-R92B-52",
    "color": "Black",
    "standardCost": 868.6342,
    "listPrice": 1431.5000,
    "size": "52",
    "weight": 997.90,
    "sellStartDate": "2018-07-01T00:00:00"
  },
  {
    "productID": 841,
    "name": "Men's Sports Shorts, S",
    "productNumber": "SH-M897-S",
    "color": "Black",
    "standardCost": 24.7459,
    "listPrice": 59.9900,
    "size": "S",
    "weight": null,
    "sellStartDate": "2018-07-01T00:00:00"
  },
  {
    "productID": 842,
    "name": "Touring-Panniers, Large",
    "productNumber": "PA-T100",
    "color": "Grey",
    "standardCost": 51.5625,
    "listPrice": 125.0000,
    "size": "",
    "weight": null,
    "sellStartDate": "2018-07-01T00:00:00"
  },
  {
    "productID": 843,
    "name": "Cable Lock",
    "productNumber": "LO-C100",
    "color": "",
    "standardCost": 10.3125,
    "listPrice": 25.0000,
    "size": "",
    "weight": null,
    "sellStartDate": "2018-07-01T00:00:00"
  },
  {
    "productID": 844,
    "name": "Minipump",
    "productNumber": "PU-0452",
    "color": "",
    "standardCost": 8.2459,
    "listPrice": 19.9900,
    "size": "",
    "weight": null,
    "sellStartDate": "2018-07-01T00:00:00"
  },
  {
    "productID": 845,
    "name": "Mountain Pump",
    "productNumber": "PU-M044",
    "color": "",
    "standardCost": 10.3084,
    "listPrice": 24.9900,
    "size": "",
    "weight": null,
    "sellStartDate": "2018-07-01T00:00:00"
  },
  {
    "productID": 846,
    "name": "Taillights - Battery-Powered",
    "productNumber": "LT-T990",
    "color": "",
    "standardCost": 5.7709,
    "listPrice": 13.9900,
    "size": "",
    "weight": null,
    "sellStartDate": "2018-07-01T00:00:00"
  },
  {
    "productID": 847,
    "name": "Headlights - Dual-Beam",
    "productNumber": "LT-H902",
    "color": "",
    "standardCost": 14.4334,
    "listPrice": 34.9900,
    "size": "",
    "weight": null,
    "sellStartDate": "2018-07-01T00:00:00"
  },
  {
    "productID": 848,
    "name": "Headlights - Weatherproof",
    "productNumber": "LT-H903",
    "color": "",
    "standardCost": 18.5584,
    "listPrice": 44.9900,
    "size": "",
    "weight": null,
    "sellStartDate": "2018-07-01T00:00:00"
  },
  {
    "productID": 849,
    "name": "Men's Sports Shorts, M",
    "productNumber": "SH-M897-M",
    "color": "Black",
    "standardCost": 24.7459,
    "listPrice": 59.9900,
    "size": "M",
    "weight": null,
    "sellStartDate": "2018-07-01T00:00:00"
  },
  {
    "productID": 850,
    "name": "Men's Sports Shorts, L",
    "productNumber": "SH-M897-L",
    "color": "Black",
    "standardCost": 24.7459,
    "listPrice": 59.9900,
    "size": "L",
    "weight": null,
    "sellStartDate": "2018-07-01T00:00:00"
  },
  {
    "productID": 851,
    "name": "Men's Sports Shorts, XL",
    "productNumber": "SH-M897-X",
    "color": "Black",
    "standardCost": 24.7459,
    "listPrice": 59.9900,
    "size": "XL",
    "weight": null,
    "sellStartDate": "2018-07-01T00:00:00"
  },
  {
    "productID": 852,
    "name": "Women's Tights, S",
    "productNumber": "TG-W091-S",
    "color": "Black",
    "standardCost": 30.9334,
    "listPrice": 74.9900,
    "size": "S",
    "weight": null,
    "sellStartDate": "2018-07-01T00:00:00"
  },
  {
    "productID": 853,
    "name": "Women's Tights, M",
    "productNumber": "TG-W091-M",
    "color": "Black",
    "standardCost": 30.9334,
    "listPrice": 74.9900,
    "size": "M",
    "weight": null,
    "sellStartDate": "2018-07-01T00:00:00"
  },
  {
    "productID": 854,
    "name": "Women's Tights, L",
    "productNumber": "TG-W091-L",
    "color": "Black",
    "standardCost": 30.9334,
    "listPrice": 74.9900,
    "size": "L",
    "weight": null,
    "sellStartDate": "2018-07-01T00:00:00"
  },
  {
    "productID": 855,
    "name": "Men's Bib-Shorts, S",
    "productNumber": "SB-M891-S",
    "color": "Multi",
    "standardCost": 37.1209,
    "listPrice": 89.9900,
    "size": "S",
    "weight": null,
    "sellStartDate": "2018-07-01T00:00:00"
  },
  {
    "productID": 856,
    "name": "Men's Bib-Shorts, M",
    "productNumber": "SB-M891-M",
    "color": "Multi",
    "standardCost": 37.1209,
    "listPrice": 89.9900,
    "size": "M",
    "weight": null,
    "sellStartDate": "2018-07-01T00:00:00"
  },
  {
    "productID": 857,
    "name": "Men's Bib-Shorts, L",
    "productNumber": "SB-M891-L",
    "color": "Multi",
    "standardCost": 37.1209,
    "listPrice": 89.9900,
    "size": "L",
    "weight": null,
    "sellStartDate": "2018-07-01T00:00:00"
  },
  {
    "productID": 858,
    "name": "Half-Finger Gloves, S",
    "productNumber": "GL-H102-S",
    "color": "Black",
    "standardCost": 9.1593,
    "listPrice": 24.4900,
    "size": "S",
    "weight": null,
    "sellStartDate": "2018-07-01T00:00:00"
  },
  {
    "productID": 859,
    "name": "Half-Finger Gloves, M",
    "productNumber": "GL-H102-M",
    "color": "Black",
    "standardCost": 9.1593,
    "listPrice": 24.4900,
    "size": "M",
    "weight": null,
    "sellStartDate": "2018-07-01T00:00:00"
  },
  {
    "productID": 860,
    "name": "Half-Finger Gloves, L",
    "productNumber": "GL-H102-L",
    "color": "Black",
    "standardCost": 9.1593,
    "listPrice": 24.4900,
    "size": "L",
    "weight": null,
    "sellStartDate": "2018-07-01T00:00:00"
  },
  {
    "productID": 861,
    "name": "Full-Finger Gloves, S",
    "productNumber": "GL-F110-S",
    "color": "Black",
    "standardCost": 15.6709,
    "listPrice": 37.9900,
    "size": "S",
    "weight": null,
    "sellStartDate": "2018-07-01T00:00:00"
  },
  {
    "productID": 862,
    "name": "Full-Finger Gloves, M",
    "productNumber": "GL-F110-M",
    "color": "Black",
    "standardCost": 15.6709,
    "listPrice": 37.9900,
    "size": "M",
    "weight": null,
    "sellStartDate": "2018-07-01T00:00:00"
  },
  {
    "productID": 863,
    "name": "Full-Finger Gloves, L",
    "productNumber": "GL-F110-L",
    "color": "Black",
    "standardCost": 15.6709,
    "listPrice": 37.9900,
    "size": "L",
    "weight": null,
    "sellStartDate": "2018-07-01T00:00:00"
  },
  {
    "productID": 864,
    "name": "Classic Vest, S",
    "productNumber": "VE-C304-S",
    "color": "Blue",
    "standardCost": 23.7490,
    "listPrice": 63.5000,
    "size": "S",
    "weight": null,
    "sellStartDate": "2019-07-01T00:00:00"
  },
  {
    "productID": 865,
    "name": "Classic Vest, M",
    "productNumber": "VE-C304-M",
    "color": "Blue",
    "standardCost": 23.7490,
    "listPrice": 63.5000,
    "size": "M",
    "weight": null,
    "sellStartDate": "2019-07-01T00:00:00"
  },
  {
    "productID": 866,
    "name": "Classic Vest, L",
    "productNumber": "VE-C304-L",
    "color": "Blue",
    "standardCost": 23.7490,
    "listPrice": 63.5000,
    "size": "L",
    "weight": null,
    "sellStartDate": "2019-07-01T00:00:00"
  },
  {
    "productID": 867,
    "name": "Women's Mountain Shorts, S",
    "productNumber": "SH-W890-S",
    "color": "Black",
    "standardCost": 26.1763,
    "listPrice": 69.9900,
    "size": "S",
    "weight": null,
    "sellStartDate": "2019-07-01T00:00:00"
  },
  {
    "productID": 868,
    "name": "Women's Mountain Shorts, M",
    "productNumber": "SH-W890-M",
    "color": "Black",
    "standardCost": 26.1763,
    "listPrice": 69.9900,
    "size": "M",
    "weight": null,
    "sellStartDate": "2019-07-01T00:00:00"
  },
  {
    "productID": 869,
    "name": "Women's Mountain Shorts, L",
    "productNumber": "SH-W890-L",
    "color": "Black",
    "standardCost": 26.1763,
    "listPrice": 69.9900,
    "size": "L",
    "weight": null,
    "sellStartDate": "2019-07-01T00:00:00"
  },
  {
    "productID": 870,
    "name": "Water Bottle - 30 oz.",
    "productNumber": "WB-H098",
    "color": "",
    "standardCost": 1.8663,
    "listPrice": 4.9900,
    "size": "",
    "weight": null,
    "sellStartDate": "2019-07-01T00:00:00"
  },
  {
    "productID": 871,
    "name": "Mountain Bottle Cage",
    "productNumber": "BC-M005",
    "color": "",
    "standardCost": 3.7363,
    "listPrice": 9.9900,
    "size": "",
    "weight": null,
    "sellStartDate": "2019-07-01T00:00:00"
  },
  {
    "productID": 872,
    "name": "Road Bottle Cage",
    "productNumber": "BC-R205",
    "color": "",
    "standardCost": 3.3623,
    "listPrice": 8.9900,
    "size": "",
    "weight": null,
    "sellStartDate": "2019-07-01T00:00:00"
  },
  {
    "productID": 873,
    "name": "Patch Kit/8 Patches",
    "productNumber": "PK-7098",
    "color": "",
    "standardCost": 0.8565,
    "listPrice": 2.2900,
    "size": "",
    "weight": null,
    "sellStartDate": "2019-07-01T00:00:00"
  },
  {
    "productID": 874,
    "name": "Racing Socks, M",
    "productNumber": "SO-R809-M",
    "color": "White",
    "standardCost": 3.3623,
    "listPrice": 8.9900,
    "size": "M",
    "weight": null,
    "sellStartDate": "2019-07-01T00:00:00"
  },
  {
    "productID": 875,
    "name": "Racing Socks, L",
    "productNumber": "SO-R809-L",
    "color": "White",
    "standardCost": 3.3623,
    "listPrice": 8.9900,
    "size": "L",
    "weight": null,
    "sellStartDate": "2019-07-01T00:00:00"
  },
  {
    "productID": 876,
    "name": "Hitch Rack - 4-Bike",
    "productNumber": "RA-H123",
    "color": "",
    "standardCost": 44.8800,
    "listPrice": 120.0000,
    "size": "",
    "weight": null,
    "sellStartDate": "2019-07-01T00:00:00"
  },
  {
    "productID": 877,
    "name": "Bike Wash - Dissolver",
    "productNumber": "CL-9009",
    "color": "",
    "standardCost": 2.9733,
    "listPrice": 7.9500,
    "size": "",
    "weight": null,
    "sellStartDate": "2019-07-01T00:00:00"
  },
  {
    "productID": 878,
    "name": "Fender Set - Mountain",
    "productNumber": "FE-6654",
    "color": "",
    "standardCost": 8.2205,
    "listPrice": 21.9800,
    "size": "",
    "weight": null,
    "sellStartDate": "2019-07-01T00:00:00"
  },
  {
    "productID": 879,
    "name": "All-Purpose Bike Stand",
    "productNumber": "ST-1401",
    "color": "",
    "standardCost": 59.4660,
    "listPrice": 159.0000,
    "size": "",
    "weight": null,
    "sellStartDate": "2019-07-01T00:00:00"
  },
  {
    "productID": 880,
    "name": "Hydration Pack - 70 oz.",
    "productNumber": "HY-1023-70",
    "color": "Silver",
    "standardCost": 20.5663,
    "listPrice": 54.9900,
    "size": "70",
    "weight": null,
    "sellStartDate": "2019-07-01T00:00:00"
  },
  {
    "productID": 881,
    "name": "Short-Sleeve Classic Jersey, S",
    "productNumber": "SJ-0194-S",
    "color": "Yellow",
    "standardCost": 41.5723,
    "listPrice": 53.9900,
    "size": "S",
    "weight": null,
    "sellStartDate": "2019-07-01T00:00:00"
  },
  {
    "productID": 882,
    "name": "Short-Sleeve Classic Jersey, M",
    "productNumber": "SJ-0194-M",
    "color": "Yellow",
    "standardCost": 41.5723,
    "listPrice": 53.9900,
    "size": "M",
    "weight": null,
    "sellStartDate": "2019-07-01T00:00:00"
  },
  {
    "productID": 883,
    "name": "Short-Sleeve Classic Jersey, L",
    "productNumber": "SJ-0194-L",
    "color": "Yellow",
    "standardCost": 41.5723,
    "listPrice": 53.9900,
    "size": "L",
    "weight": null,
    "sellStartDate": "2019-07-01T00:00:00"
  },
  {
    "productID": 884,
    "name": "Short-Sleeve Classic Jersey, XL",
    "productNumber": "SJ-0194-X",
    "color": "Yellow",
    "standardCost": 41.5723,
    "listPrice": 53.9900,
    "size": "XL",
    "weight": null,
    "sellStartDate": "2019-07-01T00:00:00"
  },
  {
    "productID": 885,
    "name": "HL Touring Frame - Yellow, 60",
    "productNumber": "FR-T98Y-60",
    "color": "Yellow",
    "standardCost": 601.7437,
    "listPrice": 1003.9100,
    "size": "60",
    "weight": 1397.06,
    "sellStartDate": "2019-07-01T00:00:00"
  },
  {
    "productID": 886,
    "name": "LL Touring Frame - Yellow, 62",
    "productNumber": "FR-T67Y-62",
    "color": "Yellow",
    "standardCost": 199.8519,
    "listPrice": 333.4200,
    "size": "62",
    "weight": 1451.49,
    "sellStartDate": "2019-07-01T00:00:00"
  },
  {
    "productID": 887,
    "name": "HL Touring Frame - Yellow, 46",
    "productNumber": "FR-T98Y-46",
    "color": "Yellow",
    "standardCost": 601.7437,
    "listPrice": 1003.9100,
    "size": "46",
    "weight": 1342.63,
    "sellStartDate": "2019-07-01T00:00:00"
  },
  {
    "productID": 888,
    "name": "HL Touring Frame - Yellow, 50",
    "productNumber": "FR-T98Y-50",
    "color": "Yellow",
    "standardCost": 601.7437,
    "listPrice": 1003.9100,
    "size": "50",
    "weight": 1360.77,
    "sellStartDate": "2019-07-01T00:00:00"
  },
  {
    "productID": 889,
    "name": "HL Touring Frame - Yellow, 54",
    "productNumber": "FR-T98Y-54",
    "color": "Yellow",
    "standardCost": 601.7437,
    "listPrice": 1003.9100,
    "size": "54",
    "weight": 1378.91,
    "sellStartDate": "2019-07-01T00:00:00"
  },
  {
    "productID": 890,
    "name": "HL Touring Frame - Blue, 46",
    "productNumber": "FR-T98U-46",
    "color": "Blue",
    "standardCost": 601.7437,
    "listPrice": 1003.9100,
    "size": "46",
    "weight": 1342.63,
    "sellStartDate": "2019-07-01T00:00:00"
  },
  {
    "productID": 891,
    "name": "HL Touring Frame - Blue, 50",
    "productNumber": "FR-T98U-50",
    "color": "Blue",
    "standardCost": 601.7437,
    "listPrice": 1003.9100,
    "size": "50",
    "weight": 1360.77,
    "sellStartDate": "2019-07-01T00:00:00"
  },
  {
    "productID": 892,
    "name": "HL Touring Frame - Blue, 54",
    "productNumber": "FR-T98U-54",
    "color": "Blue",
    "standardCost": 601.7437,
    "listPrice": 1003.9100,
    "size": "54",
    "weight": 1378.91,
    "sellStartDate": "2019-07-01T00:00:00"
  },
  {
    "productID": 893,
    "name": "HL Touring Frame - Blue, 60",
    "productNumber": "FR-T98U-60",
    "color": "Blue",
    "standardCost": 601.7437,
    "listPrice": 1003.9100,
    "size": "60",
    "weight": 1397.06,
    "sellStartDate": "2019-07-01T00:00:00"
  },
  {
    "productID": 894,
    "name": "Rear Derailleur",
    "productNumber": "RD-2308",
    "color": "Silver",
    "standardCost": 53.9282,
    "listPrice": 121.4600,
    "size": "",
    "weight": 215.00,
    "sellStartDate": "2019-07-01T00:00:00"
  },
  {
    "productID": 895,
    "name": "LL Touring Frame - Blue, 50",
    "productNumber": "FR-T67U-50",
    "color": "Blue",
    "standardCost": 199.8519,
    "listPrice": 333.4200,
    "size": "50",
    "weight": 1406.13,
    "sellStartDate": "2019-07-01T00:00:00"
  },
  {
    "productID": 896,
    "name": "LL Touring Frame - Blue, 54",
    "productNumber": "FR-T67U-54",
    "color": "Blue",
    "standardCost": 199.8519,
    "listPrice": 333.4200,
    "size": "54",
    "weight": 1424.27,
    "sellStartDate": "2019-07-01T00:00:00"
  },
  {
    "productID": 897,
    "name": "LL Touring Frame - Blue, 58",
    "productNumber": "FR-T67U-58",
    "color": "Blue",
    "standardCost": 199.8519,
    "listPrice": 333.4200,
    "size": "58",
    "weight": 1433.34,
    "sellStartDate": "2019-07-01T00:00:00"
  },
  {
    "productID": 898,
    "name": "LL Touring Frame - Blue, 62",
    "productNumber": "FR-T67U-62",
    "color": "Blue",
    "standardCost": 199.8519,
    "listPrice": 333.4200,
    "size": "62",
    "weight": 1451.49,
    "sellStartDate": "2019-07-01T00:00:00"
  },
  {
    "productID": 899,
    "name": "LL Touring Frame - Yellow, 44",
    "productNumber": "FR-T67Y-44",
    "color": "Yellow",
    "standardCost": 199.8519,
    "listPrice": 333.4200,
    "size": "44",
    "weight": 1369.84,
    "sellStartDate": "2019-07-01T00:00:00"
  },
  {
    "productID": 900,
    "name": "LL Touring Frame - Yellow, 50",
    "productNumber": "FR-T67Y-50",
    "color": "Yellow",
    "standardCost": 199.8519,
    "listPrice": 333.4200,
    "size": "50",
    "weight": 1406.13,
    "sellStartDate": "2019-07-01T00:00:00"
  },
  {
    "productID": 901,
    "name": "LL Touring Frame - Yellow, 54",
    "productNumber": "FR-T67Y-54",
    "color": "Yellow",
    "standardCost": 199.8519,
    "listPrice": 333.4200,
    "size": "54",
    "weight": 1424.27,
    "sellStartDate": "2019-07-01T00:00:00"
  },
  {
    "productID": 902,
    "name": "LL Touring Frame - Yellow, 58",
    "productNumber": "FR-T67Y-58",
    "color": "Yellow",
    "standardCost": 199.8519,
    "listPrice": 333.4200,
    "size": "58",
    "weight": 1433.34,
    "sellStartDate": "2019-07-01T00:00:00"
  },
  {
    "productID": 903,
    "name": "LL Touring Frame - Blue, 44",
    "productNumber": "FR-T67U-44",
    "color": "Blue",
    "standardCost": 199.8519,
    "listPrice": 333.4200,
    "size": "44",
    "weight": 1369.84,
    "sellStartDate": "2019-07-01T00:00:00"
  },
  {
    "productID": 904,
    "name": "ML Mountain Frame-W - Silver, 40",
    "productNumber": "FR-M63S-40",
    "color": "Silver",
    "standardCost": 199.3757,
    "listPrice": 364.0900,
    "size": "40",
    "weight": 1256.44,
    "sellStartDate": "2019-07-01T00:00:00"
  },
  {
    "productID": 905,
    "name": "ML Mountain Frame-W - Silver, 42",
    "productNumber": "FR-M63S-42",
    "color": "Silver",
    "standardCost": 199.3757,
    "listPrice": 364.0900,
    "size": "42",
    "weight": 1274.59,
    "sellStartDate": "2019-07-01T00:00:00"
  },
  {
    "productID": 906,
    "name": "ML Mountain Frame-W - Silver, 46",
    "productNumber": "FR-M63S-46",
    "color": "Silver",
    "standardCost": 199.3757,
    "listPrice": 364.0900,
    "size": "46",
    "weight": 1292.73,
    "sellStartDate": "2019-07-01T00:00:00"
  },
  {
    "productID": 907,
    "name": "Rear Brakes",
    "productNumber": "RB-9231",
    "color": "Silver",
    "standardCost": 47.2860,
    "listPrice": 106.5000,
    "size": "",
    "weight": 317.00,
    "sellStartDate": "2019-07-01T00:00:00"
  },
  {
    "productID": 908,
    "name": "LL Mountain Seat/Saddle",
    "productNumber": "SE-M236",
    "color": "",
    "standardCost": 12.0413,
    "listPrice": 27.1200,
    "size": "",
    "weight": null,
    "sellStartDate": "2019-07-01T00:00:00"
  },
  {
    "productID": 909,
    "name": "ML Mountain Seat/Saddle",
    "productNumber": "SE-M798",
    "color": "",
    "standardCost": 17.3782,
    "listPrice": 39.1400,
    "size": "",
    "weight": null,
    "sellStartDate": "2019-07-01T00:00:00"
  },
  {
    "productID": 910,
    "name": "HL Mountain Seat/Saddle",
    "productNumber": "SE-M940",
    "color": "",
    "standardCost": 23.3722,
    "listPrice": 52.6400,
    "size": "",
    "weight": null,
    "sellStartDate": "2019-07-01T00:00:00"
  },
  {
    "productID": 911,
    "name": "LL Road Seat/Saddle",
    "productNumber": "SE-R581",
    "color": "",
    "standardCost": 12.0413,
    "listPrice": 27.1200,
    "size": "",
    "weight": null,
    "sellStartDate": "2019-07-01T00:00:00"
  },
  {
    "productID": 912,
    "name": "ML Road Seat/Saddle",
    "productNumber": "SE-R908",
    "color": "",
    "standardCost": 17.3782,
    "listPrice": 39.1400,
    "size": "",
    "weight": null,
    "sellStartDate": "2019-07-01T00:00:00"
  },
  {
    "productID": 913,
    "name": "HL Road Seat/Saddle",
    "productNumber": "SE-R995",
    "color": "",
    "standardCost": 23.3722,
    "listPrice": 52.6400,
    "size": "",
    "weight": null,
    "sellStartDate": "2019-07-01T00:00:00"
  },
  {
    "productID": 914,
    "name": "LL Touring Seat/Saddle",
    "productNumber": "SE-T312",
    "color": "",
    "standardCost": 12.0413,
    "listPrice": 27.1200,
    "size": "",
    "weight": null,
    "sellStartDate": "2019-07-01T00:00:00"
  },
  {
    "productID": 915,
    "name": "ML Touring Seat/Saddle",
    "productNumber": "SE-T762",
    "color": "",
    "standardCost": 17.3782,
    "listPrice": 39.1400,
    "size": "",
    "weight": null,
    "sellStartDate": "2019-07-01T00:00:00"
  },
  {
    "productID": 916,
    "name": "HL Touring Seat/Saddle",
    "productNumber": "SE-T924",
    "color": "",
    "standardCost": 23.3722,
    "listPrice": 52.6400,
    "size": "",
    "weight": null,
    "sellStartDate": "2019-07-01T00:00:00"
  },
  {
    "productID": 917,
    "name": "LL Mountain Frame - Silver, 42",
    "productNumber": "FR-M21S-42",
    "color": "Silver",
    "standardCost": 144.5938,
    "listPrice": 264.0500,
    "size": "42",
    "weight": 1324.48,
    "sellStartDate": "2019-07-01T00:00:00"
  },
  {
    "productID": 918,
    "name": "LL Mountain Frame - Silver, 44",
    "productNumber": "FR-M21S-44",
    "color": "Silver",
    "standardCost": 144.5938,
    "listPrice": 264.0500,
    "size": "44",
    "weight": 1342.63,
    "sellStartDate": "2019-07-01T00:00:00"
  },
  {
    "productID": 919,
    "name": "LL Mountain Frame - Silver, 48",
    "productNumber": "FR-M21S-48",
    "color": "Silver",
    "standardCost": 144.5938,
    "listPrice": 264.0500,
    "size": "48",
    "weight": 1360.77,
    "sellStartDate": "2019-07-01T00:00:00"
  },
  {
    "productID": 920,
    "name": "LL Mountain Frame - Silver, 52",
    "productNumber": "FR-M21S-52",
    "color": "Silver",
    "standardCost": 144.5938,
    "listPrice": 264.0500,
    "size": "52",
    "weight": 1378.91,
    "sellStartDate": "2019-07-01T00:00:00"
  },
  {
    "productID": 921,
    "name": "Mountain Tire Tube",
    "productNumber": "TT-M928",
    "color": "",
    "standardCost": 1.8663,
    "listPrice": 4.9900,
    "size": "",
    "weight": null,
    "sellStartDate": "2019-07-01T00:00:00"
  },
  {
    "productID": 922,
    "name": "Road Tire Tube",
    "productNumber": "TT-R982",
    "color": "",
    "standardCost": 1.4923,
    "listPrice": 3.9900,
    "size": "",
    "weight": null,
    "sellStartDate": "2019-07-01T00:00:00"
  },
  {
    "productID": 923,
    "name": "Touring Tire Tube",
    "productNumber": "TT-T092",
    "color": "",
    "standardCost": 1.8663,
    "listPrice": 4.9900,
    "size": "",
    "weight": null,
    "sellStartDate": "2019-07-01T00:00:00"
  },
  {
    "productID": 924,
    "name": "LL Mountain Frame - Black, 42",
    "productNumber": "FR-M21B-42",
    "color": "Black",
    "standardCost": 136.7850,
    "listPrice": 249.7900,
    "size": "42",
    "weight": 1324.48,
    "sellStartDate": "2019-07-01T00:00:00"
  },
  {
    "productID": 925,
    "name": "LL Mountain Frame - Black, 44",
    "productNumber": "FR-M21B-44",
    "color": "Black",
    "standardCost": 136.7850,
    "listPrice": 249.7900,
    "size": "44",
    "weight": 1342.63,
    "sellStartDate": "2019-07-01T00:00:00"
  },
  {
    "productID": 926,
    "name": "LL Mountain Frame - Black, 48",
    "productNumber": "FR-M21B-48",
    "color": "Black",
    "standardCost": 136.7850,
    "listPrice": 249.7900,
    "size": "48",
    "weight": 1360.77,
    "sellStartDate": "2019-07-01T00:00:00"
  },
  {
    "productID": 927,
    "name": "LL Mountain Frame - Black, 52",
    "productNumber": "FR-M21B-52",
    "color": "Black",
    "standardCost": 136.7850,
    "listPrice": 249.7900,
    "size": "52",
    "weight": 1378.91,
    "sellStartDate": "2019-07-01T00:00:00"
  },
  {
    "productID": 928,
    "name": "LL Mountain Tire",
    "productNumber": "TI-M267",
    "color": "",
    "standardCost": 9.3463,
    "listPrice": 24.9900,
    "size": "",
    "weight": null,
    "sellStartDate": "2019-07-01T00:00:00"
  },
  {
    "productID": 929,
    "name": "ML Mountain Tire",
    "productNumber": "TI-M602",
    "color": "",
    "standardCost": 11.2163,
    "listPrice": 29.9900,
    "size": "",
    "weight": null,
    "sellStartDate": "2019-07-01T00:00:00"
  },
  {
    "productID": 930,
    "name": "HL Mountain Tire",
    "productNumber": "TI-M823",
    "color": "",
    "standardCost": 13.0900,
    "listPrice": 35.0000,
    "size": "",
    "weight": null,
    "sellStartDate": "2019-07-01T00:00:00"
  },
  {
    "productID": 931,
    "name": "LL Road Tire",
    "productNumber": "TI-R092",
    "color": "",
    "standardCost": 8.0373,
    "listPrice": 21.4900,
    "size": "",
    "weight": null,
    "sellStartDate": "2019-07-01T00:00:00"
  },
  {
    "productID": 932,
    "name": "ML Road Tire",
    "productNumber": "TI-R628",
    "color": "",
    "standardCost": 9.3463,
    "listPrice": 24.9900,
    "size": "",
    "weight": null,
    "sellStartDate": "2019-07-01T00:00:00"
  },
  {
    "productID": 933,
    "name": "HL Road Tire",
    "productNumber": "TI-R982",
    "color": "",
    "standardCost": 12.1924,
    "listPrice": 32.6000,
    "size": "",
    "weight": null,
    "sellStartDate": "2019-07-01T00:00:00"
  },
  {
    "productID": 934,
    "name": "Touring Tire",
    "productNumber": "TI-T723",
    "color": "",
    "standardCost": 10.8423,
    "listPrice": 28.9900,
    "size": "",
    "weight": null,
    "sellStartDate": "2019-07-01T00:00:00"
  },
  {
    "productID": 935,
    "name": "LL Mountain Pedal",
    "productNumber": "PD-M282",
    "color": "Silver/Black",
    "standardCost": 17.9776,
    "listPrice": 40.4900,
    "size": "",
    "weight": 218.00,
    "sellStartDate": "2019-07-01T00:00:00"
  },
  {
    "productID": 936,
    "name": "ML Mountain Pedal",
    "productNumber": "PD-M340",
    "color": "Silver/Black",
    "standardCost": 27.5680,
    "listPrice": 62.0900,
    "size": "",
    "weight": 215.00,
    "sellStartDate": "2019-07-01T00:00:00"
  },
  {
    "productID": 937,
    "name": "HL Mountain Pedal",
    "productNumber": "PD-M562",
    "color": "Silver/Black",
    "standardCost": 35.9596,
    "listPrice": 80.9900,
    "size": "",
    "weight": 185.00,
    "sellStartDate": "2019-07-01T00:00:00"
  },
  {
    "productID": 938,
    "name": "LL Road Pedal",
    "productNumber": "PD-R347",
    "color": "Silver/Black",
    "standardCost": 17.9776,
    "listPrice": 40.4900,
    "size": "",
    "weight": 189.00,
    "sellStartDate": "2019-07-01T00:00:00"
  },
  {
    "productID": 939,
    "name": "ML Road Pedal",
    "productNumber": "PD-R563",
    "color": "Silver/Black",
    "standardCost": 27.5680,
    "listPrice": 62.0900,
    "size": "",
    "weight": 168.00,
    "sellStartDate": "2019-07-01T00:00:00"
  },
  {
    "productID": 940,
    "name": "HL Road Pedal",
    "productNumber": "PD-R853",
    "color": "Silver/Black",
    "standardCost": 35.9596,
    "listPrice": 80.9900,
    "size": "",
    "weight": 149.00,
    "sellStartDate": "2019-07-01T00:00:00"
  },
  {
    "productID": 941,
    "name": "Touring Pedal",
    "productNumber": "PD-T852",
    "color": "Silver/Black",
    "standardCost": 35.9596,
    "listPrice": 80.9900,
    "size": "",
    "weight": null,
    "sellStartDate": "2019-07-01T00:00:00"
  },
  {
    "productID": 942,
    "name": "ML Mountain Frame-W - Silver, 38",
    "productNumber": "FR-M63S-38",
    "color": "Silver",
    "standardCost": 199.3757,
    "listPrice": 364.0900,
    "size": "38",
    "weight": 1238.30,
    "sellStartDate": "2019-07-01T00:00:00"
  },
  {
    "productID": 943,
    "name": "LL Mountain Frame - Black, 40",
    "productNumber": "FR-M21B-40",
    "color": "Black",
    "standardCost": 136.7850,
    "listPrice": 249.7900,
    "size": "40",
    "weight": 1306.34,
    "sellStartDate": "2019-07-01T00:00:00"
  },
  {
    "productID": 944,
    "name": "LL Mountain Frame - Silver, 40",
    "productNumber": "FR-M21S-40",
    "color": "Silver",
    "standardCost": 144.5938,
    "listPrice": 264.0500,
    "size": "40",
    "weight": 1306.34,
    "sellStartDate": "2019-07-01T00:00:00"
  },
  {
    "productID": 945,
    "name": "Front Derailleur",
    "productNumber": "FD-2342",
    "color": "Silver",
    "standardCost": 40.6216,
    "listPrice": 91.4900,
    "size": "",
    "weight": 88.00,
    "sellStartDate": "2019-07-01T00:00:00"
  },
  {
    "productID": 946,
    "name": "LL Touring Handlebars",
    "productNumber": "HB-T721",
    "color": "",
    "standardCost": 20.4640,
    "listPrice": 46.0900,
    "size": "",
    "weight": null,
    "sellStartDate": "2019-07-01T00:00:00"
  },
  {
    "productID": 947,
    "name": "HL Touring Handlebars",
    "productNumber": "HB-T928",
    "color": "",
    "standardCost": 40.6571,
    "listPrice": 91.5700,
    "size": "",
    "weight": null,
    "sellStartDate": "2019-07-01T00:00:00"
  },
  {
    "productID": 948,
    "name": "Front Brakes",
    "productNumber": "FB-9873",
    "color": "Silver",
    "standardCost": 47.2860,
    "listPrice": 106.5000,
    "size": "",
    "weight": 317.00,
    "sellStartDate": "2019-07-01T00:00:00"
  },
  {
    "productID": 949,
    "name": "LL Crankset",
    "productNumber": "CS-4759",
    "color": "Black",
    "standardCost": 77.9176,
    "listPrice": 175.4900,
    "size": "",
    "weight": 600.00,
    "sellStartDate": "2019-07-01T00:00:00"
  },
  {
    "productID": 950,
    "name": "ML Crankset",
    "productNumber": "CS-6583",
    "color": "Black",
    "standardCost": 113.8816,
    "listPrice": 256.4900,
    "size": "",
    "weight": 635.00,
    "sellStartDate": "2019-07-01T00:00:00"
  },
  {
    "productID": 951,
    "name": "HL Crankset",
    "productNumber": "CS-9183",
    "color": "Black",
    "standardCost": 179.8156,
    "listPrice": 404.9900,
    "size": "",
    "weight": 575.00,
    "sellStartDate": "2019-07-01T00:00:00"
  },
  {
    "productID": 952,
    "name": "Chain",
    "productNumber": "CH-0234",
    "color": "Silver",
    "standardCost": 8.9866,
    "listPrice": 20.2400,
    "size": "",
    "weight": null,
    "sellStartDate": "2019-07-01T00:00:00"
  },
  {
    "productID": 953,
    "name": "Touring-2000 Blue, 60",
    "productNumber": "BK-T44U-60",
    "color": "Blue",
    "standardCost": 755.1508,
    "listPrice": 1214.8500,
    "size": "60",
    "weight": 12655.16,
    "sellStartDate": "2019-07-01T00:00:00"
  },
  {
    "productID": 954,
    "name": "Touring-1000 Yellow, 46",
    "productNumber": "BK-T79Y-46",
    "color": "Yellow",
    "standardCost": 1481.9379,
    "listPrice": 2384.0700,
    "size": "46",
    "weight": 11398.72,
    "sellStartDate": "2019-07-01T00:00:00"
  },
  {
    "productID": 955,
    "name": "Touring-1000 Yellow, 50",
    "productNumber": "BK-T79Y-50",
    "color": "Yellow",
    "standardCost": 1481.9379,
    "listPrice": 2384.0700,
    "size": "50",
    "weight": 11530.26,
    "sellStartDate": "2019-07-01T00:00:00"
  },
  {
    "productID": 956,
    "name": "Touring-1000 Yellow, 54",
    "productNumber": "BK-T79Y-54",
    "color": "Yellow",
    "standardCost": 1481.9379,
    "listPrice": 2384.0700,
    "size": "54",
    "weight": 11648.19,
    "sellStartDate": "2019-07-01T00:00:00"
  },
  {
    "productID": 957,
    "name": "Touring-1000 Yellow, 60",
    "productNumber": "BK-T79Y-60",
    "color": "Yellow",
    "standardCost": 1481.9379,
    "listPrice": 2384.0700,
    "size": "60",
    "weight": 11747.98,
    "sellStartDate": "2019-07-01T00:00:00"
  },
  {
    "productID": 958,
    "name": "Touring-3000 Blue, 54",
    "productNumber": "BK-T18U-54",
    "color": "Blue",
    "standardCost": 461.4448,
    "listPrice": 742.3500,
    "size": "54",
    "weight": 13462.55,
    "sellStartDate": "2019-07-01T00:00:00"
  },
  {
    "productID": 959,
    "name": "Touring-3000 Blue, 58",
    "productNumber": "BK-T18U-58",
    "color": "Blue",
    "standardCost": 461.4448,
    "listPrice": 742.3500,
    "size": "58",
    "weight": 13562.34,
    "sellStartDate": "2019-07-01T00:00:00"
  },
  {
    "productID": 960,
    "name": "Touring-3000 Blue, 62",
    "productNumber": "BK-T18U-62",
    "color": "Blue",
    "standardCost": 461.4448,
    "listPrice": 742.3500,
    "size": "62",
    "weight": 13607.70,
    "sellStartDate": "2019-07-01T00:00:00"
  },
  {
    "productID": 961,
    "name": "Touring-3000 Yellow, 44",
    "productNumber": "BK-T18Y-44",
    "color": "Yellow",
    "standardCost": 461.4448,
    "listPrice": 742.3500,
    "size": "44",
    "weight": 13049.78,
    "sellStartDate": "2019-07-01T00:00:00"
  },
  {
    "productID": 962,
    "name": "Touring-3000 Yellow, 50",
    "productNumber": "BK-T18Y-50",
    "color": "Yellow",
    "standardCost": 461.4448,
    "listPrice": 742.3500,
    "size": "50",
    "weight": 13213.08,
    "sellStartDate": "2019-07-01T00:00:00"
  },
  {
    "productID": 963,
    "name": "Touring-3000 Yellow, 54",
    "productNumber": "BK-T18Y-54",
    "color": "Yellow",
    "standardCost": 461.4448,
    "listPrice": 742.3500,
    "size": "54",
    "weight": 13344.62,
    "sellStartDate": "2019-07-01T00:00:00"
  },
  {
    "productID": 964,
    "name": "Touring-3000 Yellow, 58",
    "productNumber": "BK-T18Y-58",
    "color": "Yellow",
    "standardCost": 461.4448,
    "listPrice": 742.3500,
    "size": "58",
    "weight": 13512.45,
    "sellStartDate": "2019-07-01T00:00:00"
  },
  {
    "productID": 965,
    "name": "Touring-3000 Yellow, 62",
    "productNumber": "BK-T18Y-62",
    "color": "Yellow",
    "standardCost": 461.4448,
    "listPrice": 742.3500,
    "size": "62",
    "weight": 13607.70,
    "sellStartDate": "2019-07-01T00:00:00"
  },
  {
    "productID": 966,
    "name": "Touring-1000 Blue, 46",
    "productNumber": "BK-T79U-46",
    "color": "Blue",
    "standardCost": 1481.9379,
    "listPrice": 2384.0700,
    "size": "46",
    "weight": 11398.72,
    "sellStartDate": "2019-07-01T00:00:00"
  },
  {
    "productID": 967,
    "name": "Touring-1000 Blue, 50",
    "productNumber": "BK-T79U-50",
    "color": "Blue",
    "standardCost": 1481.9379,
    "listPrice": 2384.0700,
    "size": "50",
    "weight": 11530.26,
    "sellStartDate": "2019-07-01T00:00:00"
  },
  {
    "productID": 968,
    "name": "Touring-1000 Blue, 54",
    "productNumber": "BK-T79U-54",
    "color": "Blue",
    "standardCost": 1481.9379,
    "listPrice": 2384.0700,
    "size": "54",
    "weight": 11648.19,
    "sellStartDate": "2019-07-01T00:00:00"
  },
  {
    "productID": 969,
    "name": "Touring-1000 Blue, 60",
    "productNumber": "BK-T79U-60",
    "color": "Blue",
    "standardCost": 1481.9379,
    "listPrice": 2384.0700,
    "size": "60",
    "weight": 11747.98,
    "sellStartDate": "2019-07-01T00:00:00"
  },
  {
    "productID": 970,
    "name": "Touring-2000 Blue, 46",
    "productNumber": "BK-T44U-46",
    "color": "Blue",
    "standardCost": 755.1508,
    "listPrice": 1214.8500,
    "size": "46",
    "weight": 12305.90,
    "sellStartDate": "2019-07-01T00:00:00"
  },
  {
    "productID": 971,
    "name": "Touring-2000 Blue, 50",
    "productNumber": "BK-T44U-50",
    "color": "Blue",
    "standardCost": 755.1508,
    "listPrice": 1214.8500,
    "size": "50",
    "weight": 12437.44,
    "sellStartDate": "2019-07-01T00:00:00"
  },
  {
    "productID": 972,
    "name": "Touring-2000 Blue, 54",
    "productNumber": "BK-T44U-54",
    "color": "Blue",
    "standardCost": 755.1508,
    "listPrice": 1214.8500,
    "size": "54",
    "weight": 12555.37,
    "sellStartDate": "2019-07-01T00:00:00"
  },
  {
    "productID": 973,
    "name": "Road-350-W Yellow, 40",
    "productNumber": "BK-R79Y-40",
    "color": "Yellow",
    "standardCost": 1082.5100,
    "listPrice": 1700.9900,
    "size": "40",
    "weight": 6962.61,
    "sellStartDate": "2019-07-01T00:00:00"
  },
  {
    "productID": 974,
    "name": "Road-350-W Yellow, 42",
    "productNumber": "BK-R79Y-42",
    "color": "Yellow",
    "standardCost": 1082.5100,
    "listPrice": 1700.9900,
    "size": "42",
    "weight": 7153.11,
    "sellStartDate": "2019-07-01T00:00:00"
  },
  {
    "productID": 975,
    "name": "Road-350-W Yellow, 44",
    "productNumber": "BK-R79Y-44",
    "color": "Yellow",
    "standardCost": 1082.5100,
    "listPrice": 1700.9900,
    "size": "44",
    "weight": 7316.41,
    "sellStartDate": "2019-07-01T00:00:00"
  },
  {
    "productID": 976,
    "name": "Road-350-W Yellow, 48",
    "productNumber": "BK-R79Y-48",
    "color": "Yellow",
    "standardCost": 1082.5100,
    "listPrice": 1700.9900,
    "size": "48",
    "weight": 7447.95,
    "sellStartDate": "2019-07-01T00:00:00"
  },
  {
    "productID": 977,
    "name": "Road-750 Black, 58",
    "productNumber": "BK-R19B-58",
    "color": "Black",
    "standardCost": 343.6496,
    "listPrice": 539.9900,
    "size": "58",
    "weight": 9430.14,
    "sellStartDate": "2019-07-01T00:00:00"
  },
  {
    "productID": 978,
    "name": "Touring-3000 Blue, 44",
    "productNumber": "BK-T18U-44",
    "color": "Blue",
    "standardCost": 461.4448,
    "listPrice": 742.3500,
    "size": "44",
    "weight": 13049.78,
    "sellStartDate": "2019-07-01T00:00:00"
  },
  {
    "productID": 979,
    "name": "Touring-3000 Blue, 50",
    "productNumber": "BK-T18U-50",
    "color": "Blue",
    "standardCost": 461.4448,
    "listPrice": 742.3500,
    "size": "50",
    "weight": 13213.08,
    "sellStartDate": "2019-07-01T00:00:00"
  },
  {
    "productID": 980,
    "name": "Mountain-400-W Silver, 38",
    "productNumber": "BK-M38S-38",
    "color": "Silver",
    "standardCost": 419.7784,
    "listPrice": 769.4900,
    "size": "38",
    "weight": 11952.10,
    "sellStartDate": "2019-07-01T00:00:00"
  },
  {
    "productID": 981,
    "name": "Mountain-400-W Silver, 40",
    "productNumber": "BK-M38S-40",
    "color": "Silver",
    "standardCost": 419.7784,
    "listPrice": 769.4900,
    "size": "40",
    "weight": 12142.60,
    "sellStartDate": "2019-07-01T00:00:00"
  },
  {
    "productID": 982,
    "name": "Mountain-400-W Silver, 42",
    "productNumber": "BK-M38S-42",
    "color": "Silver",
    "standardCost": 419.7784,
    "listPrice": 769.4900,
    "size": "42",
    "weight": 12305.90,
    "sellStartDate": "2019-07-01T00:00:00"
  },
  {
    "productID": 983,
    "name": "Mountain-400-W Silver, 46",
    "productNumber": "BK-M38S-46",
    "color": "Silver",
    "standardCost": 419.7784,
    "listPrice": 769.4900,
    "size": "46",
    "weight": 12437.44,
    "sellStartDate": "2019-07-01T00:00:00"
  },
  {
    "productID": 984,
    "name": "Mountain-500 Silver, 40",
    "productNumber": "BK-M18S-40",
    "color": "Silver",
    "standardCost": 308.2179,
    "listPrice": 564.9900,
    "size": "40",
    "weight": 12405.69,
    "sellStartDate": "2019-07-01T00:00:00"
  },
  {
    "productID": 985,
    "name": "Mountain-500 Silver, 42",
    "productNumber": "BK-M18S-42",
    "color": "Silver",
    "standardCost": 308.2179,
    "listPrice": 564.9900,
    "size": "42",
    "weight": 12596.19,
    "sellStartDate": "2019-07-01T00:00:00"
  },
  {
    "productID": 986,
    "name": "Mountain-500 Silver, 44",
    "productNumber": "BK-M18S-44",
    "color": "Silver",
    "standardCost": 308.2179,
    "listPrice": 564.9900,
    "size": "44",
    "weight": 12759.49,
    "sellStartDate": "2019-07-01T00:00:00"
  },
  {
    "productID": 987,
    "name": "Mountain-500 Silver, 48",
    "productNumber": "BK-M18S-48",
    "color": "Silver",
    "standardCost": 308.2179,
    "listPrice": 564.9900,
    "size": "48",
    "weight": 12891.03,
    "sellStartDate": "2019-07-01T00:00:00"
  },
  {
    "productID": 988,
    "name": "Mountain-500 Silver, 52",
    "productNumber": "BK-M18S-52",
    "color": "Silver",
    "standardCost": 308.2179,
    "listPrice": 564.9900,
    "size": "52",
    "weight": 13008.96,
    "sellStartDate": "2019-07-01T00:00:00"
  },
  {
    "productID": 989,
    "name": "Mountain-500 Black, 40",
    "productNumber": "BK-M18B-40",
    "color": "Black",
    "standardCost": 294.5797,
    "listPrice": 539.9900,
    "size": "40",
    "weight": 12405.69,
    "sellStartDate": "2019-07-01T00:00:00"
  },
  {
    "productID": 990,
    "name": "Mountain-500 Black, 42",
    "productNumber": "BK-M18B-42",
    "color": "Black",
    "standardCost": 294.5797,
    "listPrice": 539.9900,
    "size": "42",
    "weight": 12596.19,
    "sellStartDate": "2019-07-01T00:00:00"
  },
  {
    "productID": 991,
    "name": "Mountain-500 Black, 44",
    "productNumber": "BK-M18B-44",
    "color": "Black",
    "standardCost": 294.5797,
    "listPrice": 539.9900,
    "size": "44",
    "weight": 12759.49,
    "sellStartDate": "2019-07-01T00:00:00"
  },
  {
    "productID": 992,
    "name": "Mountain-500 Black, 48",
    "productNumber": "BK-M18B-48",
    "color": "Black",
    "standardCost": 294.5797,
    "listPrice": 539.9900,
    "size": "48",
    "weight": 12891.03,
    "sellStartDate": "2019-07-01T00:00:00"
  },
  {
    "productID": 993,
    "name": "Mountain-500 Black, 52",
    "productNumber": "BK-M18B-52",
    "color": "Black",
    "standardCost": 294.5797,
    "listPrice": 539.9900,
    "size": "52",
    "weight": 13008.96,
    "sellStartDate": "2019-07-01T00:00:00"
  },
  {
    "productID": 994,
    "name": "LL Bottom Bracket",
    "productNumber": "BB-7421",
    "color": "",
    "standardCost": 23.9716,
    "listPrice": 53.9900,
    "size": "",
    "weight": 223.00,
    "sellStartDate": "2019-07-01T00:00:00"
  },
  {
    "productID": 995,
    "name": "ML Bottom Bracket",
    "productNumber": "BB-8107",
    "color": "",
    "standardCost": 44.9506,
    "listPrice": 101.2400,
    "size": "",
    "weight": 168.00,
    "sellStartDate": "2019-07-01T00:00:00"
  },
  {
    "productID": 996,
    "name": "HL Bottom Bracket",
    "productNumber": "BB-9108",
    "color": "",
    "standardCost": 53.9416,
    "listPrice": 121.4900,
    "size": "",
    "weight": 170.00,
    "sellStartDate": "2019-07-01T00:00:00"
  },
  {
    "productID": 997,
    "name": "Road-750 Black, 44",
    "productNumber": "BK-R19B-44",
    "color": "Black",
    "standardCost": 343.6496,
    "listPrice": 539.9900,
    "size": "44",
    "weight": 8967.47,
    "sellStartDate": "2019-07-01T00:00:00"
  },
  {
    "productID": 998,
    "name": "Road-750 Black, 48",
    "productNumber": "BK-R19B-48",
    "color": "Black",
    "standardCost": 343.6496,
    "listPrice": 539.9900,
    "size": "48",
    "weight": 9130.77,
    "sellStartDate": "2019-07-01T00:00:00"
  },
  {
    "productID": 999,
    "name": "Road-750 Black, 52",
    "productNumber": "BK-R19B-52",
    "color": "Black",
    "standardCost": 343.6496,
    "listPrice": 539.9900,
    "size": "52",
    "weight": 9262.31,
    "sellStartDate": "2019-07-01T00:00:00"
  }
]