﻿<?xml version="1.0" encoding="utf-8"?>

<Deployment xmlns="http://schemas.microsoft.com/windowsphone/2009/deployment"
            AppPlatformVersion="7.0">
  <App xmlns=""
       ProductID="{f6b7a1bc-d881-44b8-9007-97aeeac4a954}"
       Title="XML Storage Sample"
       RuntimeType="Silverlight"
       Version="1.0.0.0"
       Genre="apps.normal"
       Author="PDSA, Inc."
       Description="XML Storage Sample"
       Publisher="PDSA, Inc.">
    <IconPath IsRelative="true"
              IsResource="false">ApplicationIcon.png</IconPath>
    <Capabilities>
      <Capability Name="ID_CAP_GAMERSERVICES"/>
      <Capability Name="ID_CAP_IDENTITY_DEVICE"/>
      <Capability Name="ID_CAP_IDENTITY_USER"/>
      <Capability Name="ID_CAP_LOCATION"/>
      <Capability Name="ID_CAP_MEDIALIB"/>
      <Capability Name="ID_CAP_MICROPHONE"/>
      <Capability Name="ID_CAP_NETWORKING"/>
      <Capability Name="ID_CAP_PHONEDIALER"/>
      <Capability Name="ID_CAP_PUSH_NOTIFICATION"/>
      <Capability Name="ID_CAP_SENSORS"/>
      <Capability Name="ID_CAP_WEBBROWSERCOMPONENT"/>
    </Capabilities>
    <Tasks>
      <DefaultTask  Name ="_default"
                    NavigationPage="MainPage.xaml"/>
    </Tasks>
    <Tokens>
      <PrimaryToken TokenID="WPXmlStorageToken"
                    TaskName="_default">
        <TemplateType5>
          <BackgroundImageURI IsRelative="true"
                              IsResource="false">Background.png</BackgroundImageURI>
          <Count>0</Count>
          <Title>XML Storage Sample</Title>
        </TemplateType5>
      </PrimaryToken>
    </Tokens>
  </App>
</Deployment>
