<Employees>
  <Employee EmployeeID="1" FirstName="Paul" LastName="Shaefer" SSN="123-12-2223" />
  <Employee EmployeeID="2" FirstName="Michael" LastName="Kawoski" SSN="223-22-3333" />
  <Employee EmployeeID="3" FirstName="Sara" LastName="Winchell" SSN="333-33-3333" />
  <Employee EmployeeID="4" FirstName="John" LastName="Kroon" SSN="444-44-4444" />
  <Employee EmployeeID="5" FirstName="Tim" LastName="Nicker" SSN="555-55-5555" />
  <Employee EmployeeID="6" FirstName="Russ" LastName="Martlog" SSN="666-66-6666" />
  <Employee EmployeeID="7" FirstName="John" LastName="Boron" SSN="777-77-7777" />
  <Employee EmployeeID="8" FirstName="James" LastName="Birdy" SSN="888-88-8888" />
  <Employee EmployeeID="9" FirstName="Trey" LastName="Chen" SSN="999-99-9999" />
  <Employee EmployeeID="10" FirstName="Jim" LastName="Jones" SSN="993-99-9992" />
  <Employee EmployeeID="11" FirstName="John" LastName="Pittsburgh" SSN="234-34-3456" />
  <Employee EmployeeID="12" FirstName="Jeanne" LastName="Russell" SSN="345-34-4567" />
  <Employee EmployeeID="13" FirstName="David" LastName="Lafeet" SSN="456-45-5678" />
  <Employee EmployeeID="14" FirstName="Khanh" LastName="Voon" SSN="567-56-5678" />
  <Employee EmployeeID="15" FirstName="Jim" LastName="Russell" SSN="678-67-6789" />
  <Employee EmployeeID="16" FirstName="David" LastName="Tarkas" SSN="789-78-7890" />
  <Employee EmployeeID="17" FirstName="Craig" LastName="Showman" SSN="098-09-0987" />
  <Employee EmployeeID="18" FirstName="Brooks" LastName="Anderson" SSN="987-98-9876" />
  <Employee EmployeeID="19" FirstName="Mark" LastName="Parks" SSN="876-87-8765" />
  <Employee EmployeeID="20" FirstName="Keith" LastName="Nashville" SSN="765-76-7654" />
  <Employee EmployeeID="21" FirstName="Jane" LastName="Joan" SSN="654-65-6543" />
</Employees>