<?xml version="1.0" standalone="yes"?>
<Products>
  <Product ProductId="1" ProductName="Architecting ASP.NET Applications" IntroductionDate="05/24/2007" Price="19.9500" />
  <Product ProductId="2" ProductName="ASP.Net Jumpstart Samples" IntroductionDate="05/24/2007" Price="0.0000" />
  <Product ProductId="3" ProductName="Paul Sheriff Teaches Visual Basic 6.0" IntroductionDate="05/24/2007" Price="0.0000" />
  <Product ProductId="4" ProductName="Security for ASP.NET Developers (.NET 1.1)" IntroductionDate="05/24/2007" Price="19.9500" />
  <Product ProductId="5" ProductName="Paul Sheriff Live" IntroductionDate="06/11/2007" Price="0.0000" />
  <Product ProductId="6" ProductName="SQL Server 2000 - Administration" IntroductionDate="06/11/2007" Price="0.0000" />
  <Product ProductId="7" ProductName="SQL Server 2000 - Implementing" IntroductionDate="06/11/2007" Price="0.0000" />
  <Product ProductId="8" ProductName="VB.NET Fundamentals (.NET 1.1) ebook" IntroductionDate="06/11/2007" Price="0.0000" />
  <Product ProductId="9" ProductName="VB.NET Development" IntroductionDate="06/11/2007" Price="0.0000" />
  <Product ProductId="10" ProductName="ASP.NET Development" IntroductionDate="06/11/2007" Price="0.0000" />
  <Product ProductId="11" ProductName="Developing SharePoint 2003 Web Parts" IntroductionDate="06/12/2007" Price="19.9500" />
  <Product ProductId="12" ProductName="z_Introduction to N-Tier Architecture (.NET 1.1)" IntroductionDate="06/13/2007" Price="0.0000" />
  <Product ProductId="13" ProductName="Introduction to SQL Server 2000" IntroductionDate="06/13/2007" Price="19.9500" />
  <Product ProductId="14" ProductName="Using SharePoint 2003 ebook" IntroductionDate="06/13/2007" Price="19.9500" />
  <Product ProductId="15" ProductName="Fundamentals of VB.NET 2.0" IntroductionDate="06/13/2007" Price="19.9500" />
  <Product ProductId="16" ProductName="Fundamentals of .NET 2.0" IntroductionDate="06/13/2007" Price="19.9500" />
  <Product ProductId="17" ProductName="VB.NET Fundamentals (Blast Through)" IntroductionDate="06/28/2007" Price="0.0000" />
  <Product ProductId="18" ProductName="Deploying .NET Applications" IntroductionDate="06/28/2007" Price="0.0000" />
  <Product ProductId="19" ProductName="ASP.NET Development (Blast Through)" IntroductionDate="07/10/2007" Price="0.0000" />
  <Product ProductId="20" ProductName="MSDN Webcast: ASP.NET Tips &amp; Tricks" IntroductionDate="07/13/2007" Price="0.0000" />
  <Product ProductId="21" ProductName="MSDN Webcast: Introduction to ASP.NET" IntroductionDate="07/13/2007" Price="0.0000" />
  <Product ProductId="22" ProductName="MSDN Webcast: Introduction to ASP.NET 2.0 Security" IntroductionDate="07/13/2007" Price="0.0000" />
  <Product ProductId="23" ProductName="MSDN Webcast: Keeping Secrets in .NET Applications" IntroductionDate="07/13/2007" Price="0.0000" />
  <Product ProductId="24" ProductName="MSDN Webcast: Moving to VB.NET - Part 1" IntroductionDate="07/13/2007" Price="0.0000" />
  <Product ProductId="25" ProductName="MSDN Webcast: Moving to VB.NET - Part 3" IntroductionDate="07/13/2007" Price="0.0000" />
  <Product ProductId="26" ProductName="SQL Server Naming Standards" IntroductionDate="07/26/2007" Price="0.0000" />
  <Product ProductId="27" ProductName="Database Development Standards" IntroductionDate="07/26/2007" Price="0.0000" />
  <Product ProductId="28" ProductName="VB.NET Development Standards" IntroductionDate="07/26/2007" Price="0.0000" />
  <Product ProductId="29" ProductName="C# Development Standards" IntroductionDate="07/26/2007" Price="0.0000" />
  <Product ProductId="30" ProductName="VS.NET Standards" IntroductionDate="07/26/2007" Price="0.0000" />
  <Product ProductId="31" ProductName="3 out of 4 Applications Fail - Audio CD" IntroductionDate="08/01/2007" Price="0.0000" />
  <Product ProductId="32" ProductName="PDSA .NET Base Framework - VS.NET 2005" IntroductionDate="08/29/2007" Price="39.9900" />
  <Product ProductId="33" ProductName="PDSA Application Security Audit" IntroductionDate="09/07/2007" Price="0.0000" />
  <Product ProductId="34" ProductName="PDSA SQL Server and Database Design Audit" IntroductionDate="09/07/2007" Price="0.0000" />
  <Product ProductId="35" ProductName="PDSA .NET Productivity Framework" IntroductionDate="09/07/2007" Price="0.0000" />
  <Product ProductId="36" ProductName="PDSA Mentoring" IntroductionDate="09/07/2007" Price="0.0000" />
  <Product ProductId="37" ProductName="PDSA Training" IntroductionDate="09/07/2007" Price="0.0000" />
  <Product ProductId="38" ProductName="Developer's Guide to Reporting Services 2005" IntroductionDate="10/04/2007" Price="19.9500" />
  <Product ProductId="39" ProductName="PDSA910 - VB.NET Fundamentals" IntroductionDate="10/05/2007" Price="0.0000" />
  <Product ProductId="40" ProductName="PDSA920 - Fundamentals of N-Tier Architecture" IntroductionDate="10/05/2007" Price="0.0000" />
  <Product ProductId="41" ProductName="PDSA930 - Architecting ASP.NET Applications" IntroductionDate="10/05/2007" Price="0.0000" />
  <Product ProductId="42" ProductName="PDSA940 - Fundamentals of .NET" IntroductionDate="10/05/2007" Price="0.0000" />
  <Product ProductId="43" ProductName="PDSA960 - Security for ASP.NET Developers" IntroductionDate="10/05/2007" Price="0.0000" />
  <Product ProductId="44" ProductName="PDSA970 - Using SQL Reporting Services 2005" IntroductionDate="10/05/2007" Price="0.0000" />
  <Product ProductId="45" ProductName="Fundamentals of ADO.NET 2.0" IntroductionDate="11/27/2007" Price="14.9500" />
  <Product ProductId="46" ProductName="DNR-TV - Jan. 2007 - Custom Providers Sample" IntroductionDate="01/02/2008" Price="0.0000" />
  <Product ProductId="47" ProductName="Fundamentals of SQL Server 2005" IntroductionDate="02/20/2008" Price="19.9500" />
  <Product ProductId="48" ProductName="PDSA Free Seminar Handouts" IntroductionDate="03/12/2008" Price="0.0000" />
  <Product ProductId="49" ProductName="Fundamentals of ASP.NET 2.0" IntroductionDate="03/20/2008" Price="19.9500" />
  <Product ProductId="50" ProductName="Fundamentals of C#" IntroductionDate="03/28/2008" Price="19.9500" />
  <Product ProductId="51" ProductName="Architecting the User Interface (UI)" IntroductionDate="04/02/2008" Price="0.0000" />
  <Product ProductId="52" ProductName="Backup Strategies Need to Be Planned" IntroductionDate="04/02/2008" Price="0.0000" />
  <Product ProductId="53" ProductName="Increase Productivity with Code Generation" IntroductionDate="04/02/2008" Price="0.0000" />
  <Product ProductId="54" ProductName="Computer Configuration Example" IntroductionDate="04/02/2008" Price="0.0000" />
  <Product ProductId="55" ProductName="Web Verus Windows" IntroductionDate="04/02/2008" Price="0.0000" />
  <Product ProductId="56" ProductName="Getting New Clients" IntroductionDate="04/02/2008" Price="22.0000" />
  <Product ProductId="57" ProductName="You Can Develop Software Successfully" IntroductionDate="04/02/2008" Price="0.0000" />
  <Product ProductId="58" ProductName="Give Me More Performance!" IntroductionDate="04/02/2008" Price="0.0000" />
  <Product ProductId="59" ProductName="Develop Your Intranet with SharePoint" IntroductionDate="04/02/2008" Price="0.0000" />
  <Product ProductId="60" ProductName="Privacy Policies and the Application Developer" IntroductionDate="04/02/2008" Price="0.0000" />
  <Product ProductId="61" ProductName="Why Purchase an Application Framework?" IntroductionDate="04/02/2008" Price="0.0000" />
  <Product ProductId="62" ProductName="PDSA810 – Fundamentals of C#" IntroductionDate="04/10/2008" Price="0.0000" />
  <Product ProductId="63" ProductName="PDSA820 – Fundamentals of SQL Server 2005" IntroductionDate="04/10/2008" Price="0.0000" />
  <Product ProductId="64" ProductName="PDSA830 – Fundamentals of ASP.NET" IntroductionDate="04/10/2008" Price="0.0000" />
  <Product ProductId="65" ProductName="PDSA840 – Fundamentals of ADO.NET" IntroductionDate="04/10/2008" Price="0.0000" />
  <Product ProductId="66" ProductName="GeekSpeak Samples: April 16, 2008" IntroductionDate="04/16/2008" Price="0.0000" />
  <Product ProductId="67" ProductName="PDSA XML Builder" IntroductionDate="04/23/2008" Price="16.9500" />
  <Product ProductId="68" ProductName="PDSA Property Builder" IntroductionDate="04/23/2008" Price="16.9500" />
  <Product ProductId="69" ProductName="PDSA .NET Base Framework - VS.NET 2008" IntroductionDate="07/15/2008" Price="59.9900" />
  <Product ProductId="70" ProductName="PDSA XML Data Access Class Generator" IntroductionDate="10/08/2008" Price="99.9900" />
  <Product ProductId="71" ProductName="Dev Connections Event Offer - 03/25/2007" IntroductionDate="11/03/2008" Price="0.0000" />
  <Product ProductId="72" ProductName="SharePoint Advisor Live Event Offer - 04/10/2006" IntroductionDate="11/03/2008" Price="0.0000" />
  <Product ProductId="73" ProductName="SharePoint Advisor Live Event Offer - 06/12/2005" IntroductionDate="11/03/2008" Price="0.0000" />
  <Product ProductId="74" ProductName="Code Camp Event Offer - 01/27/2007" IntroductionDate="11/03/2008" Price="0.0000" />
  <Product ProductId="75" ProductName="Code Camp Event Offer - 01/21/2006" IntroductionDate="11/03/2008" Price="0.0000" />
  <Product ProductId="76" ProductName="Code Camp Event Offer - 06/24/2006" IntroductionDate="11/03/2008" Price="0.0000" />
  <Product ProductId="77" ProductName="Dallas .NET User Group - 07/13/2006" IntroductionDate="11/03/2008" Price="0.0000" />
  <Product ProductId="78" ProductName="DNR TV Event Offer - 01/08/2007" IntroductionDate="11/03/2008" Price="0.0000" />
  <Product ProductId="79" ProductName="LA .NET User Group Event Offer - 01/08/2007" IntroductionDate="11/03/2008" Price="0.0000" />
  <Product ProductId="80" ProductName="Memphis .NET User Group Event Offer - 08/16/2005" IntroductionDate="11/03/2008" Price="0.0000" />
  <Product ProductId="81" ProductName="Sacramento User Group Event Offer - 08/30/2005" IntroductionDate="11/03/2008" Price="0.0000" />
  <Product ProductId="82" ProductName="San Diego .NET User Group Event Offer - 07/19/2006" IntroductionDate="11/03/2008" Price="0.0000" />
  <Product ProductId="83" ProductName="San Diego .NET User Group Event Offer - 01/24/2005" IntroductionDate="11/03/2008" Price="0.0000" />
  <Product ProductId="84" ProductName="SD West Event Offer - 03/15/2006" IntroductionDate="11/03/2008" Price="0.0000" />
  <Product ProductId="85" ProductName="SD West Event Offer - 03/19/2007" IntroductionDate="11/03/2008" Price="0.0000" />
  <Product ProductId="86" ProductName="TechEd 2008 Event Offer - 06/05/2005" IntroductionDate="11/03/2008" Price="0.0000" />
  <Product ProductId="87" ProductName="VS Live - 11/14/2006" IntroductionDate="11/03/2008" Price="0.0000" />
  <Product ProductId="88" ProductName="VS Live Workshop Event Offer - 06/21/2006" IntroductionDate="11/03/2008" Price="0.0000" />
  <Product ProductId="89" ProductName="Code Camp Event Offer - 06/30/2007" IntroductionDate="11/03/2008" Price="0.0000" />
  <Product ProductId="90" ProductName="Little Rock .NET User Group - 07/12/2007" IntroductionDate="11/03/2008" Price="0.0000" />
  <Product ProductId="91" ProductName="Advisor Summit - 9/11/2008" IntroductionDate="11/03/2008" Price="0.0000" />
  <Product ProductId="92" ProductName="VS Live Workshop Event Offer - 10/15/2007" IntroductionDate="11/03/2008" Price="0.0000" />
  <Product ProductId="93" ProductName="Web Builder 2.0 - 12/03/2007" IntroductionDate="11/03/2008" Price="0.0000" />
  <Product ProductId="94" ProductName="South Bay .NET User Group - 11/08/2007" IntroductionDate="11/03/2008" Price="0.0000" />
  <Product ProductId="95" ProductName="VS Live - 11/14/2007" IntroductionDate="11/03/2008" Price="0.0000" />
  <Product ProductId="96" ProductName="LA .NET User Group Event Offer - 01/07/2008" IntroductionDate="11/03/2008" Price="0.0000" />
  <Product ProductId="97" ProductName="SD West Event Offer - 03/05/2008" IntroductionDate="11/03/2008" Price="0.0000" />
  <Product ProductId="98" ProductName="Code Camp Event Offer - 01/26/2008" IntroductionDate="11/03/2008" Price="0.0000" />
  <Product ProductId="99" ProductName="San Diego .NET Developer's Group - 03/04/2008" IntroductionDate="11/03/2008" Price="0.0000" />
  <Product ProductId="100" ProductName="Geek Speak - April 16, 2008 - 04/16/2008" IntroductionDate="11/03/2008" Price="0.0000" />
  <Product ProductId="101" ProductName="Dev Connections Event Offer - 04/21/2008" IntroductionDate="11/03/2008" Price="0.0000" />
  <Product ProductId="102" ProductName="TechEd 2008 Event Offer - 06/02/2008" IntroductionDate="11/03/2008" Price="0.0000" />
  <Product ProductId="103" ProductName="Code Camp Event Offer - 06/28/2008" IntroductionDate="11/03/2008" Price="0.0000" />
  <Product ProductId="104" ProductName="VS Live - 09/08/2008" IntroductionDate="11/03/2008" Price="0.0000" />
  <Product ProductId="105" ProductName="Iowa .NET User Group Event Offer - 08/13/2008" IntroductionDate="11/03/2008" Price="0.0000" />
  <Product ProductId="106" ProductName="San Diego .NET User Group Event Offer - 08/19/2008" IntroductionDate="11/03/2008" Price="0.0000" />
  <Product ProductId="107" ProductName="Code Camp Event Offer - 10/25/2008" IntroductionDate="11/03/2008" Price="0.0000" />
  <Product ProductId="108" ProductName="SoCal DotNetNuke Group - 10/08/2008" IntroductionDate="11/03/2008" Price="0.0000" />
  <Product ProductId="109" ProductName="PDSA .NET Provider Library - VS.NET 2008" IntroductionDate="11/10/2008" Price="79.9900" />
  <Product ProductId="110" ProductName="Dev Connections Event Offer - 11/12/2008" IntroductionDate="11/12/2008" Price="0.0000" />
  <Product ProductId="111" ProductName="How to Hire and Fire Developers" IntroductionDate="11/20/2008" Price="0.0000" />
  <Product ProductId="112" ProductName="Dallas ASP.NET User Group - 11/25/2008" IntroductionDate="11/21/2008" Price="0.0000" />
  <Product ProductId="113" ProductName="LA .NET User Group Event Offer - 1/5/2009" IntroductionDate="12/22/2008" Price="0.0000" />
  <Product ProductId="114" ProductName="How To Hire an IT Consulting Company" IntroductionDate="01/02/2009" Price="0.0000" />
  <Product ProductId="115" ProductName="Justifying the Cost of Purchasing a Framework" IntroductionDate="01/02/2009" Price="0.0000" />
  <Product ProductId="116" ProductName="How to Speak &quot;End User&quot; (The Value of Prototypes)" IntroductionDate="01/02/2009" Price="0.0000" />
  <Product ProductId="117" ProductName="Is Your Company's Security at Risk?" IntroductionDate="01/02/2009" Price="0.0000" />
  <Product ProductId="118" ProductName="Too Busy to do it Right? You'll Pay for it Later!" IntroductionDate="01/02/2009" Price="0.0000" />
  <Product ProductId="119" ProductName="Code Camp Event Offer - 1/24/2009" IntroductionDate="01/23/2009" Price="0.0000" />
  <Product ProductId="120" ProductName="SD West Event Offer - 3/12/2009" IntroductionDate="01/23/2009" Price="0.0000" />
  <Product ProductId="121" ProductName="Fundamentals of ASP.NET Security (.NET 2.0 &amp; 3.5)" IntroductionDate="02/17/2009" Price="19.9500" />
  <Product ProductId="122" ProductName="PDSA eTimeTrak Product" IntroductionDate="02/18/2009" Price="0.0000" />
  <Product ProductId="123" ProductName="MSDN Event - 2/26/2009" IntroductionDate="02/23/2009" Price="0.0000" />
  <Product ProductId="124" ProductName="Microsoft Tech Days - 4/1/2009" IntroductionDate="03/30/2009" Price="0.0000" />
  <Product ProductId="125" ProductName="Geek Speak - 4/22/2009" IntroductionDate="04/22/2009" Price="0.0000" />
  <Product ProductId="126" ProductName="All 11 eBooks in One Package" IntroductionDate="04/29/2009" Price="150.0000" />
  <Product ProductId="127" ProductName="South Colorado .NET User Group - 5/5/2009" IntroductionDate="05/05/2009" Price="0.0000" />
  <Product ProductId="128" ProductName="TechEd - 5/15/2009" IntroductionDate="05/15/2009" Price="0.0000" />
  <Product ProductId="129" ProductName="PALS: Fundamentals of WPF - Part 1" IntroductionDate="06/08/2009" Price="99.0000" />
  <Product ProductId="130" ProductName="Code Camp Event Offer - 06/27/2009" IntroductionDate="06/13/2009" Price="0.0000" />
  <Product ProductId="131" ProductName="CoDe Magazine - Time To Clean Up Developer Utility" IntroductionDate="06/24/2009" Price="0.0000" />
  <Product ProductId="132" ProductName="BackgroundWorker Class Sample" IntroductionDate="06/26/2009" Price="0.0000" />
  <Product ProductId="133" ProductName="LA SQL Server Professionals Group - 7/16/2009" IntroductionDate="07/02/2009" Price="0.0000" />
  <Product ProductId="134" ProductName="Phoenix Arizona .NET User Group - 7/14/2009" IntroductionDate="07/10/2009" Price="0.0000" />
  <Product ProductId="135" ProductName="Tucson .NET User Group - 7/15/2009" IntroductionDate="07/10/2009" Price="0.0000" />
  <Product ProductId="136" ProductName="Iowa .NET User Group Event Offer - 8/6/2009" IntroductionDate="08/06/2009" Price="0.0000" />
  <Product ProductId="137" ProductName="What is Agile ALM?" IntroductionDate="08/10/2009" Price="0.0000" />
  <Product ProductId="138" ProductName="Orange County .NET User Group - 8/11/2009" IntroductionDate="08/11/2009" Price="0.0000" />
  <Product ProductId="139" ProductName="DNR TV Event Offer - 8/12/2009" IntroductionDate="08/11/2009" Price="0.0000" />
  <Product ProductId="140" ProductName="MSDN Event - 8/24/2009" IntroductionDate="08/24/2009" Price="0.0000" />
  <Product ProductId="141" ProductName="MSDN Event - 8/25/2009" IntroductionDate="08/25/2009" Price="0.0000" />
  <Product ProductId="142" ProductName="Florida .NET User Groups - 9/1/2009" IntroductionDate="09/01/2009" Price="0.0000" />
  <Product ProductId="143" ProductName="MSDN Event - 9/2/2009" IntroductionDate="09/02/2009" Price="0.0000" />
  <Product ProductId="144" ProductName="MSDN Event - 9/3/2009" IntroductionDate="09/03/2009" Price="0.0000" />
  <Product ProductId="145" ProductName="PALS: Fundamentals of WCF - November 18, 2009" IntroductionDate="09/10/2009" Price="99.0000" />
  <Product ProductId="146" ProductName="MSDN Event - 9/23/2009" IntroductionDate="09/22/2009" Price="0.0000" />
  <Product ProductId="147" ProductName="MSDN Event - 9/24/2009" IntroductionDate="09/22/2009" Price="0.0000" />
  <Product ProductId="148" ProductName="Sacramento User Group Event Offer - 9/29/2009" IntroductionDate="09/28/2009" Price="0.0000" />
  <Product ProductId="149" ProductName="PALS: Fundamentals of WPF - Part 2 - Jan. 13, 2010" IntroductionDate="10/14/2009" Price="99.0000" />
  <Product ProductId="150" ProductName="WPF Sample: Bind Config Settings" IntroductionDate="10/19/2009" Price="0.0000" />
  <Product ProductId="151" ProductName="WPF Login Screen" IntroductionDate="10/27/2009" Price="0.0000" />
  <Product ProductId="152" ProductName="Silverlight 3 Login Screen" IntroductionDate="10/29/2009" Price="0.0000" />
  <Product ProductId="153" ProductName="WPF Window Inheritance" IntroductionDate="11/02/2009" Price="0.0000" />
  <Product ProductId="154" ProductName="San Diego .NET Developer's Group - 11/3/2009" IntroductionDate="11/03/2009" Price="0.0000" />
  <Product ProductId="155" ProductName="Web: Essentials of Business Programming for .NET" IntroductionDate="11/04/2009" Price="0.0000" />
  <Product ProductId="156" ProductName="Code Camp Event Offer - 11/21/2009" IntroductionDate="11/13/2009" Price="0.0000" />
  <Product ProductId="157" ProductName="WPF Change Templates" IntroductionDate="11/16/2009" Price="0.0000" />
  <Product ProductId="158" ProductName="PALS: Fundamentals of WPF - Part 1 - Sample Code" IntroductionDate="11/18/2009" Price="29.0000" />
  <Product ProductId="159" ProductName="Code Camp Event Offer - 11/22/2009" IntroductionDate="11/22/2009" Price="0.0000" />
  <Product ProductId="160" ProductName="WPF: Change Resources Dynamically" IntroductionDate="12/01/2009" Price="0.0000" />
  <Product ProductId="161" ProductName="WPF: Color to RGB" IntroductionDate="12/08/2009" Price="0.0000" />
  <Product ProductId="162" ProductName="WPF Text and Shapes" IntroductionDate="12/15/2009" Price="0.0000" />
  <Product ProductId="163" ProductName="LA .NET User Group Event Offer - 1/4/2010" IntroductionDate="01/04/2010" Price="0.0000" />
  <Product ProductId="164" ProductName="WPF Text and Shapes - Part 2" IntroductionDate="01/04/2010" Price="0.0000" />
  <Product ProductId="165" ProductName="WPF Part 3: More Data Binding" IntroductionDate="01/07/2010" Price="40.0000" />
  <Product ProductId="166" ProductName="WPF Part 4: The Flexible List Box Control" IntroductionDate="01/07/2010" Price="40.0000" />
  <Product ProductId="167" ProductName="WPF Part 6: Transforms, Triggers and Animation" IntroductionDate="01/08/2010" Price="40.0000" />
</Products>