<Products>
  <Product ProductId="1" ProductName="Haystack Code Generator for .NET" IntroductionDate="07/01/2010" Price="799" />
  <Product ProductId="2" ProductName="ASP.Net Jumpstart Samples" IntroductionDate="05/24/2005" Price="0.0000" />
  <Product ProductId="3" ProductName="SQL Server 2005 - Administration eBook" IntroductionDate="05/01/2006" Price="19.95" />
  <Product ProductId="4" ProductName="SQL Server 2005 - Implementing eBook" IntroductionDate="05/30/2006" Price="19.95" />
  <Product ProductId="5" ProductName="Fundamentals of VB.NET eBook" IntroductionDate="02/22/2002" Price="19.95" />
  <Product ProductId="6" ProductName="Fundamentals of C# eBook" IntroductionDate="03/30/2003" Price="19.95" />
  <Product ProductId="7" ProductName="Fundamentals of ASP.NET eBook" IntroductionDate="10/13/2005" Price="19.95" />
  <Product ProductId="8" ProductName="A New Product" IntroductionDate="9/12/2011" Price="150" />
</Products>